项目名称,项目编码,建设单位,项目主管部门,概算批复金额,资金批复金额,批复日期,资金性质,经办人,经办处室
南城区医院建设工程五期,UC20250001,文化建设集团,市城市管理局,13153.33,6395.36,2023-04-13,专项债券,高建国,投资建设处
滨海新区住宅小区建设二期,UC20250002,文化建设集团,市发展和改革委员会,15577.7,6102.2,2023-12-29,中央综合财力,孙海涛,招投标管理处
开发区图书馆建设一期,UC20250003,住房建设集团,市园林绿化局,6228.91,4351.74,2023-07-12,中央综合财力,杨文华,计划财务处
南城区排水管网工程四期,UC20250004,公共设施建设集团,市体育局,1197.02,841.95,2024-06-25,土地出让金,钱国强,综合管理处
山区污水处理厂建设四期,UC20250005,公共设施建设集团,市文化和旅游局,17553.7,2544.3,2023-08-22,中央预算内投资,郭建华,综合管理处
东城区隧道建设工程五期,UC20250006,基础设施建设公司,市交通运输局,12966.97,8483.38,2024-05-02,中央预算内投资,陈志刚,工程建设处
生态城区体育中心建设一期,UC20250007,基础设施建设公司,市教育局,5263.45,2818.29,2023-12-11,中央综合财力,郭建华,项目管理处
西城区桥梁建设工程二期,UC20250008,公共设施建设集团,市住房和城乡建设局,9513.51,1463.4,2023-02-06,中央补助,郭建华,工程建设处
生态城区学校建设工程三期,UC20250009,园林绿化建设集团,市规划和自然资源局,12468.79,7707.76,2024-04-16,中央补助,刘建国,资金管理处
山区住宅小区建设一期,UC20250010,公共设施建设集团,市教育局,15899.97,5737.46,2023-04-16,专项债券,吴德华,资金管理处
滨海新区医院建设工程五期,UC20250011,基础设施建设公司,市发展和改革委员会,15502.96,6926.62,2024-08-12,土地出让金,赵文博,计划财务处
生态城区医院建设工程一期,UC20250012,公共设施建设集团,市体育局,12670.16,9828.32,2024-02-26,中央预算内投资,邓文华,工程建设处
东城区广场建设工程二期,UC20250013,水务建设集团公司,市文化和旅游局,7687.92,806.01,2023-09-03,专项债券,朱建平,审计监察处
经济技术开发区隧道建设工程二期,UC20250014,园林绿化建设集团,市住房和城乡建设局,17729.54,3410.21,2023-07-14,土地出让金,何志远,综合管理处
西城区体育中心建设二期,UC20250015,市政建设集团有限公司,市发展和改革委员会,3763.22,1777.97,2024-08-10,省级补助,曹建军,工程建设处
生态城区公交站台建设五期,UC20250016,教育建设投资公司,市住房和城乡建设局,5193.74,540.15,2024-06-03,中央预算内投资,彭志明,招投标管理处
新区博物馆建设三期,UC20250017,市政建设集团有限公司,市体育局,14150.93,9418.23,2024-06-11,中央补助,杨文华,资金管理处
工业园区体育中心建设四期,UC20250018,文化建设集团,市生态环境局,9233.4,1081.09,2023-07-31,土地出让金,吴德华,规划设计处
开发区文化中心建设三期,UC20250019,环保建设投资公司,市园林绿化局,3472.43,1211.47,2024-07-06,中央补助,彭志明,审计监察处
东城区排水管网工程三期,UC20250020,水务建设集团公司,市发展和改革委员会,6587.12,2554.15,2023-06-04,专项债券,张建华,综合管理处
滨海新区隧道建设工程一期,UC20250021,基础设施建设公司,市规划和自然资源局,1493.28,449.98,2024-05-30,专项债券,刘建国,资金管理处
科技园区文化中心建设一期,UC20250022,园林绿化建设集团,市城市管理局,17899.28,5136.99,2023-12-25,一般债券,马建设,投资建设处
新区医院建设工程三期,UC20250023,医疗建设发展公司,市体育局,14833.68,6200.55,2023-08-05,一般债券,李明强,工程建设处
经济技术开发区桥梁建设工程四期,UC20250024,交通建设发展集团,市体育局,19706.26,6414.89,2024-07-09,省级补助,高建国,工程建设处
高新区排水管网工程四期,UC20250025,市政建设集团有限公司,市城市管理局,17683.31,11257.72,2023-01-31,中央补助,张建华,质量安全处
高新区停车场建设三期,UC20250026,环保建设投资公司,市城市管理局,19806.41,14178.94,2024-07-08,中央补助,高建国,招投标管理处
南城区供水管网工程四期,UC20250027,城市投资建设集团,市规划和自然资源局,15862.12,1811.74,2024-06-22,中央补助,何志远,计划财务处
开发区医院建设工程四期,UC20250028,交通建设发展集团,市卫生健康委员会,1513.85,980.67,2024-02-17,专项债券,徐文军,招投标管理处
工业园区供水管网工程一期,UC20250029,基础设施建设公司,市城市管理局,13026.24,9181.65,2024-02-21,中央补助,吴德华,投资建设处
新区图书馆建设三期,UC20250030,文化建设集团,市住房和城乡建设局,2777.61,821.59,2024-09-06,省级补助,彭志明,审计监察处
开发区地铁建设工程二期,UC20250031,交通建设发展集团,市规划和自然资源局,16679.2,3681.84,2023-12-13,一般债券,王志远,资金管理处
科技园区桥梁建设工程一期,UC20250032,交通建设发展集团,市体育局,1904.37,434.1,2023-10-17,土地出让金,钱国强,规划设计处
中心区学校建设工程四期,UC20250033,基础设施建设公司,市园林绿化局,7209.01,1604.54,2024-04-19,土地出让金,赵文博,招投标管理处
山区排水管网工程五期,UC20250034,住房建设集团,市城市管理局,18905.57,4403.77,2024-02-14,省级补助,黄志明,质量安全处
工业园区图书馆建设四期,UC20250035,文化建设集团,市水利局,19566.13,5851.92,2024-04-08,中央综合财力,钱国强,计划财务处
南城区商业综合体建设三期,UC20250036,水务建设集团公司,市园林绿化局,15515.9,8184.61,2023-12-21,专项债券,高建国,资金管理处
西城区商业综合体建设一期,UC20250037,环保建设投资公司,市交通运输局,502.58,213.24,2023-04-27,中央补助,李明强,招投标管理处
科技园区隧道建设工程三期,UC20250038,园林绿化建设集团,市生态环境局,18476.73,10652.66,2024-05-20,中央预算内投资,杨文华,投资建设处
开发区公园绿化工程五期,UC20250039,住房建设集团,市规划和自然资源局,11375.17,4846.82,2023-06-07,一般债券,刘建国,资金管理处
中心区道路建设工程一期,UC20250040,水务建设集团公司,市教育局,1376.1,245.04,2023-06-03,中央补助,杨文华,资金管理处
北城区博物馆建设一期,UC20250041,市政建设集团有限公司,市教育局,5614.14,1807.77,2023-06-27,省级补助,彭志明,计划财务处
北城区商业综合体建设五期,UC20250042,教育建设投资公司,市交通运输局,19744.93,4771.21,2024-05-17,一般债券,朱建平,质量安全处
山区桥梁建设工程二期,UC20250043,城市投资建设集团,市卫生健康委员会,3687.82,2781.77,2024-04-21,中央补助,韩志刚,项目管理处
高新区道路建设工程一期,UC20250044,水务建设集团公司,市交通运输局,4605.77,2569.94,2023-02-04,土地出让金,马建设,规划设计处
科技园区医院建设工程一期,UC20250045,文化建设集团,市生态环境局,6084.2,1918.89,2023-05-09,土地出让金,邓文华,规划设计处
南城区公交站台建设四期,UC20250046,环保建设投资公司,市文化和旅游局,5870.42,2573.38,2024-06-19,专项债券,陈志刚,综合管理处
科技园区住宅小区建设三期,UC20250047,水务建设集团公司,市教育局,10085.51,3544.98,2024-04-20,中央综合财力,何志远,审计监察处
山区住宅小区建设二期,UC20250048,教育建设投资公司,市园林绿化局,16282.43,9379.83,2024-03-27,中央补助,王志远,项目管理处
山区停车场建设四期,UC20250049,住房建设集团,市交通运输局,19817.92,4868.71,2023-02-27,中央补助,吴德华,计划财务处
东城区商业综合体建设三期,UC20250050,环保建设投资公司,市卫生健康委员会,16191.13,8092.89,2023-05-15,专项债券,郭建华,计划财务处
开发区广场建设工程三期,UC20250051,环保建设投资公司,市规划和自然资源局,15130.96,7401.5,2024-02-17,中央补助,何志远,工程建设处
经济技术开发区文化中心建设二期,UC20250052,住房建设集团,市交通运输局,3674.35,2063.73,2023-12-05,一般债券,彭志明,质量安全处
生态城区博物馆建设四期,UC20250053,基础设施建设公司,市城市管理局,6660.62,2357.26,2024-04-08,中央补助,刘建国,综合管理处
山区污水处理厂建设四期,UC20250054,基础设施建设公司,市教育局,3819.6,1999.71,2023-05-08,土地出让金,韩志刚,项目管理处
经济技术开发区商业综合体建设一期,UC20250055,水务建设集团公司,市体育局,11577.32,5548.25,2024-07-03,一般债券,朱建平,审计监察处
东城区地铁建设工程五期,UC20250056,医疗建设发展公司,市生态环境局,8423.38,1107.21,2023-02-23,中央补助,邓文华,综合管理处
南城区学校建设工程五期,UC20250057,教育建设投资公司,市卫生健康委员会,12854.33,3771.01,2023-09-16,中央预算内投资,曹建军,质量安全处
工业园区地铁建设工程四期,UC20250058,交通建设发展集团,市文化和旅游局,9412.2,1815.1,2024-06-01,土地出让金,郭建华,项目管理处
开发区排水管网工程三期,UC20250059,园林绿化建设集团,市规划和自然资源局,10416.65,3162.8,2023-08-25,中央补助,曹建军,综合管理处
西城区图书馆建设四期,UC20250060,市政建设集团有限公司,市水利局,9782.2,2524.01,2023-02-23,中央预算内投资,林志强,质量安全处
开发区商业综合体建设二期,UC20250061,医疗建设发展公司,市体育局,11827.18,8427.97,2023-11-27,中央综合财力,林志强,审计监察处
工业园区文化中心建设五期,UC20250062,市政建设集团有限公司,市卫生健康委员会,4909.01,638.45,2023-05-21,中央综合财力,林志强,工程建设处
中心区污水处理厂建设五期,UC20250063,教育建设投资公司,市城市管理局,10237.66,4540.17,2023-06-04,土地出让金,赵文博,项目管理处
开发区广场建设工程五期,UC20250064,医疗建设发展公司,市规划和自然资源局,8411.23,1277.97,2024-07-28,土地出让金,郭建华,质量安全处
科技园区道路建设工程一期,UC20250065,医疗建设发展公司,市规划和自然资源局,1011.49,245.1,2024-07-08,中央预算内投资,黄志明,工程建设处
新区桥梁建设工程四期,UC20250066,环保建设投资公司,市生态环境局,9379.49,6353.06,2023-09-07,中央综合财力,曹建军,审计监察处
科技园区商业综合体建设四期,UC20250067,基础设施建设公司,市交通运输局,3362.63,2058.38,2024-03-28,中央补助,邓文华,工程建设处
新区商业综合体建设三期,UC20250068,教育建设投资公司,市教育局,15761.66,12456.32,2023-04-14,省级补助,高建国,项目管理处
山区排水管网工程五期,UC20250069,园林绿化建设集团,市卫生健康委员会,15997.2,11968.63,2024-09-02,专项债券,杨文华,资金管理处
西城区图书馆建设二期,UC20250070,公共设施建设集团,市发展和改革委员会,4527.63,3415.62,2023-04-19,土地出让金,赵文博,综合管理处
东城区供水管网工程五期,UC20250071,住房建设集团,市交通运输局,2449.48,1696.87,2023-01-23,省级补助,徐文军,资金管理处
科技园区桥梁建设工程一期,UC20250072,公共设施建设集团,市生态环境局,3031.25,306.41,2023-05-01,中央预算内投资,马建设,规划设计处
北城区住宅小区建设四期,UC20250073,公共设施建设集团,市规划和自然资源局,15447.51,10563.58,2023-05-31,专项债券,邓文华,工程建设处
开发区住宅小区建设一期,UC20250074,园林绿化建设集团,市园林绿化局,6621.25,3022.29,2024-07-24,省级补助,曹建军,工程建设处
科技园区公园绿化工程四期,UC20250075,住房建设集团,市城市管理局,10804.52,7041.37,2023-12-25,专项债券,钱国强,项目管理处
经济技术开发区广场建设工程二期,UC20250076,住房建设集团,市体育局,19718.38,4091.39,2023-05-03,中央综合财力,何志远,计划财务处
山区公园绿化工程五期,UC20250077,园林绿化建设集团,市交通运输局,9711.83,2111.59,2023-02-02,专项债券,曹建军,审计监察处
科技园区地铁建设工程四期,UC20250078,公共设施建设集团,市城市管理局,13320.36,8972.81,2023-10-07,中央补助,孙海涛,规划设计处
中心区隧道建设工程一期,UC20250079,交通建设发展集团,市卫生健康委员会,14986.31,8960.11,2023-08-07,中央预算内投资,朱建平,资金管理处
生态城区道路建设工程四期,UC20250080,文化建设集团,市生态环境局,3140.76,1483.56,2023-08-22,省级补助,郭建华,计划财务处
经济技术开发区停车场建设四期,UC20250081,公共设施建设集团,市城市管理局,11579.71,5551.09,2023-10-20,一般债券,孙海涛,资金管理处
山区博物馆建设三期,UC20250082,医疗建设发展公司,市水利局,9010.59,7112.56,2023-04-06,土地出让金,张建华,投资建设处
滨海新区供水管网工程一期,UC20250083,交通建设发展集团,市生态环境局,18496.91,5720.59,2023-03-29,中央综合财力,何志远,招投标管理处
新区停车场建设五期,UC20250084,基础设施建设公司,市规划和自然资源局,12808.92,8495.47,2023-05-01,中央综合财力,钱国强,投资建设处
西城区隧道建设工程二期,UC20250085,环保建设投资公司,市水利局,16589.72,12543.6,2023-12-07,中央综合财力,梁文博,规划设计处
滨海新区污水处理厂建设五期,UC20250086,文化建设集团,市卫生健康委员会,12672.36,7864.34,2024-04-30,省级补助,林志强,计划财务处
北城区污水处理厂建设五期,UC20250087,医疗建设发展公司,市发展和改革委员会,2611.61,669.31,2024-08-26,一般债券,孙海涛,招投标管理处
东城区学校建设工程四期,UC20250088,水务建设集团公司,市规划和自然资源局,9824.61,6937.34,2023-04-17,中央预算内投资,吴德华,资金管理处
生态城区学校建设工程一期,UC20250089,水务建设集团公司,市卫生健康委员会,17662.58,13527.58,2024-03-23,一般债券,彭志明,审计监察处
山区停车场建设一期,UC20250090,城市投资建设集团,市城市管理局,2258.13,270.41,2024-08-30,专项债券,林志强,计划财务处
工业园区道路建设工程四期,UC20250091,公共设施建设集团,市园林绿化局,3587.95,1875.26,2024-02-02,土地出让金,孙海涛,规划设计处
北城区博物馆建设一期,UC20250092,环保建设投资公司,市城市管理局,14721.72,3534.23,2023-05-30,中央补助,朱建平,投资建设处
山区停车场建设二期,UC20250093,教育建设投资公司,市城市管理局,9672.8,1991.32,2023-03-04,专项债券,徐文军,投资建设处
新区广场建设工程五期,UC20250094,住房建设集团,市规划和自然资源局,9339.82,1605.15,2024-02-01,中央补助,张建华,招投标管理处
生态城区桥梁建设工程二期,UC20250095,医疗建设发展公司,市教育局,6305.58,2132.82,2024-01-06,省级补助,周建军,综合管理处
工业园区文化中心建设一期,UC20250096,园林绿化建设集团,市规划和自然资源局,19627.56,13189.73,2023-09-15,中央补助,钱国强,项目管理处
高新区垃圾处理中心建设二期,UC20250097,公共设施建设集团,市交通运输局,15839.46,8953.01,2023-12-10,一般债券,郭建华,综合管理处
经济技术开发区道路建设工程二期,UC20250098,交通建设发展集团,市园林绿化局,18768.27,14563.76,2023-03-08,中央补助,钱国强,审计监察处
新区文化中心建设三期,UC20250099,教育建设投资公司,市生态环境局,10879.91,4166.02,2023-04-03,中央预算内投资,刘建国,投资建设处
经济技术开发区隧道建设工程四期,UC20250100,教育建设投资公司,市发展和改革委员会,5101.01,4026.57,2023-02-04,中央综合财力,徐文军,招投标管理处
南城区停车场建设二期,UC20250101,教育建设投资公司,市规划和自然资源局,6826.43,2655.58,2024-06-06,中央综合财力,韩志刚,投资建设处
西城区图书馆建设二期,UC20250102,环保建设投资公司,市规划和自然资源局,4169.97,2734.73,2023-07-07,中央综合财力,林志强,计划财务处
工业园区医院建设工程三期,UC20250103,城市投资建设集团,市发展和改革委员会,18777.54,12899.71,2024-08-04,中央预算内投资,曹建军,资金管理处
山区供水管网工程四期,UC20250104,环保建设投资公司,市住房和城乡建设局,13797.14,4581.68,2024-01-02,中央综合财力,周建军,招投标管理处
滨海新区桥梁建设工程三期,UC20250105,城市投资建设集团,市体育局,9406.77,4914.94,2023-08-05,中央预算内投资,陈志刚,计划财务处
工业园区公园绿化工程五期,UC20250106,基础设施建设公司,市发展和改革委员会,14618.25,9854.4,2023-08-26,中央补助,曹建军,质量安全处
开发区公园绿化工程三期,UC20250107,市政建设集团有限公司,市发展和改革委员会,7231.64,2985.72,2023-05-28,省级补助,孙海涛,招投标管理处
开发区体育中心建设一期,UC20250108,园林绿化建设集团,市城市管理局,1473.65,274.52,2024-01-16,专项债券,梁文博,审计监察处
东城区住宅小区建设二期,UC20250109,教育建设投资公司,市生态环境局,19187.36,6277.64,2023-03-30,专项债券,何志远,计划财务处
科技园区垃圾处理中心建设一期,UC20250110,水务建设集团公司,市水利局,7279.23,4134.09,2024-03-30,土地出让金,吴德华,资金管理处
南城区学校建设工程一期,UC20250111,交通建设发展集团,市规划和自然资源局,14688.91,8449.61,2023-07-29,中央补助,何志远,质量安全处
新区住宅小区建设二期,UC20250112,医疗建设发展公司,市文化和旅游局,4157.74,1405.79,2023-05-24,中央综合财力,黄志明,规划设计处
新区住宅小区建设三期,UC20250113,文化建设集团,市规划和自然资源局,18586.78,13399.1,2024-03-05,专项债券,张建华,工程建设处
科技园区博物馆建设五期,UC20250114,基础设施建设公司,市生态环境局,15727.74,10131.9,2024-01-24,专项债券,韩志刚,投资建设处
开发区排水管网工程五期,UC20250115,住房建设集团,市生态环境局,4923.67,3538.08,2023-09-04,专项债券,张建华,工程建设处
西城区广场建设工程二期,UC20250116,教育建设投资公司,市交通运输局,10935.63,3391.4,2023-08-14,省级补助,钱国强,质量安全处
经济技术开发区排水管网工程五期,UC20250117,公共设施建设集团,市城市管理局,1330.59,976.5,2024-06-16,土地出让金,张建华,计划财务处
开发区学校建设工程四期,UC20250118,水务建设集团公司,市体育局,8515.16,1787.17,2023-05-01,中央补助,彭志明,招投标管理处
科技园区停车场建设三期,UC20250119,交通建设发展集团,市生态环境局,6372.98,3124.83,2023-09-05,土地出让金,陈志刚,规划设计处
生态城区公交站台建设三期,UC20250120,城市投资建设集团,市生态环境局,641.27,403.46,2023-08-17,土地出让金,马建设,工程建设处
经济技术开发区博物馆建设四期,UC20250121,交通建设发展集团,市住房和城乡建设局,17087.64,12276.63,2023-03-05,土地出让金,邓文华,项目管理处
新区排水管网工程一期,UC20250122,基础设施建设公司,市城市管理局,1645.86,1159.16,2023-07-16,一般债券,郭建华,综合管理处
开发区公交站台建设五期,UC20250123,医疗建设发展公司,市水利局,12350.63,9257.56,2024-06-13,省级补助,吴德华,资金管理处
高新区住宅小区建设一期,UC20250124,医疗建设发展公司,市体育局,7647.73,1919.82,2023-04-11,一般债券,高建国,项目管理处
开发区图书馆建设三期,UC20250125,教育建设投资公司,市园林绿化局,2870.19,1499.2,2023-10-08,一般债券,孙海涛,投资建设处
滨海新区商业综合体建设五期,UC20250126,住房建设集团,市规划和自然资源局,15856.66,5317.79,2023-10-23,中央综合财力,赵文博,审计监察处
生态城区学校建设工程一期,UC20250127,园林绿化建设集团,市教育局,5903.98,2056.24,2023-06-07,一般债券,朱建平,规划设计处
新区商业综合体建设二期,UC20250128,水务建设集团公司,市规划和自然资源局,18647.72,11434.18,2023-05-10,中央综合财力,马建设,计划财务处
经济技术开发区道路建设工程四期,UC20250129,教育建设投资公司,市文化和旅游局,2750.84,531.65,2023-07-26,中央预算内投资,赵文博,规划设计处
生态城区停车场建设五期,UC20250130,园林绿化建设集团,市教育局,15361.45,1903.05,2023-04-15,土地出让金,黄志明,工程建设处
东城区供水管网工程五期,UC20250131,市政建设集团有限公司,市交通运输局,1223.31,533.37,2023-06-12,土地出让金,徐文军,招投标管理处
西城区垃圾处理中心建设四期,UC20250132,园林绿化建设集团,市卫生健康委员会,1685.52,1098.6,2023-01-28,一般债券,邓文华,招投标管理处
滨海新区文化中心建设五期,UC20250133,公共设施建设集团,市交通运输局,10244.62,3558.14,2023-05-14,一般债券,马建设,招投标管理处
生态城区学校建设工程三期,UC20250134,文化建设集团,市文化和旅游局,17959.8,2276.23,2024-06-12,土地出让金,黄志明,质量安全处
高新区隧道建设工程三期,UC20250135,教育建设投资公司,市城市管理局,7656.32,5134.69,2023-04-19,一般债券,高建国,综合管理处
新区排水管网工程五期,UC20250136,基础设施建设公司,市规划和自然资源局,2318.74,1843.6,2023-09-10,省级补助,钱国强,投资建设处
开发区学校建设工程一期,UC20250137,园林绿化建设集团,市文化和旅游局,14850.1,11234.5,2024-03-12,专项债券,高建国,综合管理处
新区桥梁建设工程三期,UC20250138,教育建设投资公司,市城市管理局,16224.31,9419.63,2023-03-28,中央综合财力,高建国,资金管理处
滨海新区排水管网工程一期,UC20250139,城市投资建设集团,市文化和旅游局,1824.32,480.83,2023-11-19,专项债券,韩志刚,招投标管理处
滨海新区商业综合体建设三期,UC20250140,住房建设集团,市生态环境局,15413.4,9727.71,2023-05-26,中央预算内投资,马建设,质量安全处
北城区供水管网工程五期,UC20250141,公共设施建设集团,市城市管理局,1740.98,987.53,2023-03-16,一般债券,徐文军,规划设计处
经济技术开发区医院建设工程五期,UC20250142,园林绿化建设集团,市住房和城乡建设局,2574.42,1922.19,2023-10-13,中央综合财力,钱国强,招投标管理处
科技园区图书馆建设二期,UC20250143,公共设施建设集团,市文化和旅游局,2076.68,958.78,2023-11-29,土地出让金,杨文华,规划设计处
南城区排水管网工程四期,UC20250144,医疗建设发展公司,市水利局,4515.07,1317.31,2024-04-24,中央综合财力,孙海涛,项目管理处
北城区供水管网工程四期,UC20250145,公共设施建设集团,市生态环境局,9104.05,5675.11,2024-07-29,中央综合财力,赵文博,审计监察处
高新区住宅小区建设三期,UC20250146,城市投资建设集团,市生态环境局,3426.51,1503.32,2024-08-07,省级补助,林志强,招投标管理处
南城区停车场建设一期,UC20250147,基础设施建设公司,市规划和自然资源局,12450.51,2339.63,2023-09-07,中央综合财力,林志强,计划财务处
科技园区公园绿化工程一期,UC20250148,文化建设集团,市生态环境局,4114.42,1756.13,2023-10-31,中央综合财力,何志远,投资建设处
生态城区广场建设工程五期,UC20250149,住房建设集团,市体育局,5797.62,663.61,2023-08-09,中央综合财力,黄志明,工程建设处
科技园区商业综合体建设二期,UC20250150,环保建设投资公司,市水利局,11194.94,3801.35,2023-06-03,省级补助,杨文华,招投标管理处
北城区排水管网工程五期,UC20250151,交通建设发展集团,市体育局,6752.8,4117.45,2023-12-06,专项债券,马建设,质量安全处
山区停车场建设三期,UC20250152,环保建设投资公司,市体育局,6751.53,1054.7,2023-05-18,中央预算内投资,孙海涛,规划设计处
新区公园绿化工程一期,UC20250153,基础设施建设公司,市交通运输局,6219.38,1547.95,2024-04-01,中央预算内投资,韩志刚,规划设计处
西城区桥梁建设工程一期,UC20250154,文化建设集团,市文化和旅游局,9844.53,1152.16,2023-09-14,中央综合财力,周建军,质量安全处
经济技术开发区商业综合体建设二期,UC20250155,环保建设投资公司,市水利局,11052.38,5105.09,2023-09-20,省级补助,张建华,招投标管理处
生态城区公交站台建设一期,UC20250156,城市投资建设集团,市卫生健康委员会,19120.9,3983.67,2024-07-02,土地出让金,曹建军,项目管理处
工业园区桥梁建设工程二期,UC20250157,水务建设集团公司,市发展和改革委员会,4636.74,3019.04,2024-04-17,专项债券,郭建华,质量安全处
北城区图书馆建设三期,UC20250158,住房建设集团,市水利局,19834.33,4690.58,2024-07-22,中央综合财力,王志远,招投标管理处
滨海新区图书馆建设三期,UC20250159,基础设施建设公司,市生态环境局,15176.03,2923.9,2023-09-04,一般债券,邓文华,投资建设处
新区污水处理厂建设三期,UC20250160,环保建设投资公司,市城市管理局,19573.5,7343.17,2024-04-28,中央补助,吴德华,综合管理处
高新区桥梁建设工程四期,UC20250161,住房建设集团,市卫生健康委员会,3537.44,449.71,2024-01-18,中央综合财力,孙海涛,计划财务处
开发区供水管网工程三期,UC20250162,交通建设发展集团,市卫生健康委员会,1008.09,122.33,2024-01-30,省级补助,周建军,质量安全处
东城区文化中心建设三期,UC20250163,园林绿化建设集团,市水利局,18260.6,13823.47,2023-08-05,省级补助,郭建华,投资建设处
工业园区道路建设工程一期,UC20250164,文化建设集团,市园林绿化局,15239.68,5341.09,2023-11-08,中央补助,高建国,审计监察处
科技园区体育中心建设五期,UC20250165,文化建设集团,市卫生健康委员会,13601.03,2965.42,2024-03-07,中央预算内投资,王志远,规划设计处
高新区住宅小区建设二期,UC20250166,文化建设集团,市水利局,10495.86,6587.63,2024-05-13,省级补助,韩志刚,综合管理处
科技园区隧道建设工程四期,UC20250167,公共设施建设集团,市文化和旅游局,3628.24,760.11,2024-05-24,一般债券,曹建军,投资建设处
新区排水管网工程四期,UC20250168,医疗建设发展公司,市发展和改革委员会,4403.09,1532.36,2024-03-19,中央补助,张建华,项目管理处
经济技术开发区体育中心建设二期,UC20250169,医疗建设发展公司,市体育局,8178.7,4429.12,2024-01-25,中央综合财力,何志远,项目管理处
科技园区供水管网工程一期,UC20250170,交通建设发展集团,市生态环境局,13000.65,5704.58,2024-01-11,中央补助,彭志明,项目管理处
高新区供水管网工程五期,UC20250171,基础设施建设公司,市规划和自然资源局,12604.46,6232.5,2023-07-16,中央预算内投资,杨文华,项目管理处
经济技术开发区停车场建设一期,UC20250172,基础设施建设公司,市住房和城乡建设局,10388.38,6622.7,2024-02-17,中央预算内投资,刘建国,工程建设处
经济技术开发区医院建设工程五期,UC20250173,基础设施建设公司,市卫生健康委员会,12952.5,9688.22,2024-05-03,土地出让金,黄志明,规划设计处
东城区道路建设工程二期,UC20250174,公共设施建设集团,市文化和旅游局,5313.94,654.42,2023-12-31,土地出让金,王志远,规划设计处
北城区文化中心建设一期,UC20250175,医疗建设发展公司,市教育局,13900.46,4785.42,2023-05-23,土地出让金,朱建平,审计监察处
东城区垃圾处理中心建设二期,UC20250176,公共设施建设集团,市生态环境局,16258.53,1829.87,2024-05-14,土地出让金,张建华,招投标管理处
高新区住宅小区建设四期,UC20250177,住房建设集团,市规划和自然资源局,6523.64,4069.17,2023-04-23,中央预算内投资,曹建军,资金管理处
工业园区供水管网工程四期,UC20250178,水务建设集团公司,市体育局,8559.13,3583.25,2023-03-29,省级补助,邓文华,项目管理处
东城区排水管网工程三期,UC20250179,文化建设集团,市交通运输局,18545.15,4278.16,2023-10-01,中央综合财力,朱建平,计划财务处
中心区体育中心建设五期,UC20250180,园林绿化建设集团,市教育局,7232.0,4970.09,2023-12-15,一般债券,林志强,质量安全处
新区商业综合体建设二期,UC20250181,交通建设发展集团,市规划和自然资源局,5276.28,3367.07,2024-03-01,中央综合财力,梁文博,规划设计处
经济技术开发区医院建设工程一期,UC20250182,文化建设集团,市教育局,3520.3,1003.83,2023-07-07,中央综合财力,吴德华,项目管理处
北城区图书馆建设三期,UC20250183,交通建设发展集团,市城市管理局,7181.68,3172.87,2024-03-09,中央预算内投资,何志远,质量安全处
新区医院建设工程四期,UC20250184,教育建设投资公司,市园林绿化局,17649.2,12155.52,2023-04-27,中央综合财力,梁文博,项目管理处
经济技术开发区停车场建设三期,UC20250185,市政建设集团有限公司,市生态环境局,9251.02,1545.07,2024-06-14,省级补助,邓文华,资金管理处
新区广场建设工程二期,UC20250186,园林绿化建设集团,市卫生健康委员会,11009.55,6777.5,2023-09-16,土地出让金,朱建平,综合管理处
开发区文化中心建设五期,UC20250187,环保建设投资公司,市教育局,14932.63,4386.9,2023-11-16,一般债券,张建华,综合管理处
生态城区住宅小区建设二期,UC20250188,文化建设集团,市体育局,18733.19,14008.14,2023-06-16,中央综合财力,王志远,规划设计处
北城区停车场建设五期,UC20250189,医疗建设发展公司,市城市管理局,6341.98,2391.81,2024-01-27,土地出让金,张建华,规划设计处
东城区隧道建设工程二期,UC20250190,教育建设投资公司,市教育局,15294.75,12009.58,2023-11-12,中央补助,刘建国,项目管理处
新区供水管网工程四期,UC20250191,住房建设集团,市文化和旅游局,15400.22,2027.84,2024-03-23,中央综合财力,张建华,审计监察处
西城区停车场建设五期,UC20250192,基础设施建设公司,市体育局,6013.08,1912.54,2023-12-04,专项债券,陈志刚,规划设计处
生态城区广场建设工程三期,UC20250193,园林绿化建设集团,市园林绿化局,5187.63,3839.48,2023-09-02,专项债券,周建军,质量安全处
经济技术开发区博物馆建设二期,UC20250194,文化建设集团,市体育局,10431.5,5286.27,2023-02-17,土地出让金,李明强,计划财务处
高新区商业综合体建设一期,UC20250195,教育建设投资公司,市发展和改革委员会,7066.19,5532.61,2024-07-21,中央补助,朱建平,审计监察处
滨海新区地铁建设工程二期,UC20250196,文化建设集团,市教育局,8949.93,5649.21,2023-05-23,一般债券,马建设,资金管理处
科技园区商业综合体建设五期,UC20250197,园林绿化建设集团,市规划和自然资源局,6405.51,4640.8,2024-04-07,一般债券,刘建国,质量安全处
西城区停车场建设五期,UC20250198,市政建设集团有限公司,市水利局,6036.55,2597.15,2023-06-29,中央预算内投资,赵文博,招投标管理处
新区停车场建设三期,UC20250199,园林绿化建设集团,市园林绿化局,12077.06,8079.53,2023-06-01,一般债券,徐文军,规划设计处
开发区商业综合体建设三期,UC20250200,市政建设集团有限公司,市规划和自然资源局,13011.48,8038.0,2023-12-31,中央补助,孙海涛,质量安全处
经济技术开发区博物馆建设四期,UC20250121,交通建设发展集团,市住房和城乡建设局,17087.64,4489.57,2023-11-09,省级补助,李明强,工程建设处
生态城区博物馆建设四期,UC20250053,基础设施建设公司,市城市管理局,6660.62,595.06,2024-03-30,土地出让金,郭建华,审计监察处
科技园区商业综合体建设二期,UC20250150,环保建设投资公司,市水利局,11194.94,5014.22,2023-07-19,省级补助,周建军,工程建设处
经济技术开发区道路建设工程四期,UC20250129,教育建设投资公司,市文化和旅游局,2750.84,782.58,2024-02-16,省级补助,孙海涛,工程建设处
中心区体育中心建设五期,UC20250180,园林绿化建设集团,市教育局,7232.0,1348.77,2023-10-26,中央综合财力,郭建华,审计监察处
滨海新区商业综合体建设三期,UC20250140,住房建设集团,市生态环境局,15413.4,5645.84,2023-09-24,专项债券,杨文华,计划财务处
山区停车场建设一期,UC20250090,城市投资建设集团,市城市管理局,2258.13,456.05,2024-10-25,省级补助,黄志明,招投标管理处
生态城区桥梁建设工程二期,UC20250095,医疗建设发展公司,市教育局,6305.58,1862.48,2024-05-15,中央综合财力,林志强,审计监察处
南城区学校建设工程五期,UC20250057,教育建设投资公司,市卫生健康委员会,12854.33,2973.15,2023-12-23,中央补助,徐文军,综合管理处
高新区桥梁建设工程四期,UC20250161,住房建设集团,市卫生健康委员会,3537.44,459.68,2024-09-17,中央综合财力,王志远,计划财务处
开发区商业综合体建设二期,UC20250061,医疗建设发展公司,市体育局,11827.18,3098.41,2024-06-19,中央预算内投资,曹建军,计划财务处
山区污水处理厂建设四期,UC20250054,基础设施建设公司,市教育局,3819.6,620.52,2023-05-28,中央综合财力,徐文军,项目管理处
山区停车场建设二期,UC20250093,教育建设投资公司,市城市管理局,9672.8,490.46,2023-05-04,中央预算内投资,王志远,审计监察处
新区桥梁建设工程三期,UC20250138,教育建设投资公司,市城市管理局,16224.31,3441.24,2023-04-22,中央补助,王志远,审计监察处
高新区排水管网工程四期,UC20250025,市政建设集团有限公司,市城市管理局,17683.31,3875.77,2023-12-22,中央补助,刘建国,投资建设处
西城区垃圾处理中心建设四期,UC20250132,园林绿化建设集团,市卫生健康委员会,1685.52,611.87,2023-05-24,中央补助,高建国,资金管理处
南城区学校建设工程五期,UC20250057,教育建设投资公司,市卫生健康委员会,12854.33,1711.51,2023-11-03,省级补助,吴德华,投资建设处
工业园区体育中心建设四期,UC20250018,文化建设集团,市生态环境局,9233.4,3309.67,2023-10-29,土地出让金,何志远,项目管理处
山区博物馆建设三期,UC20250082,医疗建设发展公司,市水利局,9010.59,547.05,2023-12-25,专项债券,王志远,资金管理处
滨海新区地铁建设工程二期,UC20250196,文化建设集团,市教育局,8949.93,3443.32,2024-01-12,一般债券,钱国强,招投标管理处
山区污水处理厂建设四期,UC20250054,基础设施建设公司,市教育局,3819.6,557.78,2024-02-16,中央预算内投资,邓文华,规划设计处
南城区商业综合体建设三期,UC20250036,水务建设集团公司,市园林绿化局,15515.9,1366.78,2023-12-23,省级补助,张建华,投资建设处
南城区公交站台建设四期,UC20250046,环保建设投资公司,市文化和旅游局,5870.42,339.89,2024-08-09,省级补助,钱国强,资金管理处
北城区供水管网工程五期,UC20250141,公共设施建设集团,市城市管理局,1740.98,138.59,2023-03-06,中央预算内投资,彭志明,规划设计处
开发区供水管网工程三期,UC20250162,交通建设发展集团,市卫生健康委员会,1008.09,410.19,2024-01-02,一般债券,陈志刚,计划财务处
生态城区桥梁建设工程二期,UC20250095,医疗建设发展公司,市教育局,6305.58,1359.66,2023-10-20,中央补助,彭志明,综合管理处
高新区住宅小区建设一期,UC20250124,医疗建设发展公司,市体育局,7647.73,1777.35,2023-09-10,中央预算内投资,曹建军,规划设计处
新区公园绿化工程一期,UC20250153,基础设施建设公司,市交通运输局,6219.38,758.72,2024-08-23,省级补助,周建军,质量安全处
高新区隧道建设工程三期,UC20250135,教育建设投资公司,市城市管理局,7656.32,1730.22,2023-08-04,中央预算内投资,林志强,资金管理处
生态城区医院建设工程一期,UC20250012,公共设施建设集团,市体育局,12670.16,4102.0,2024-03-29,省级补助,张建华,计划财务处
北城区博物馆建设一期,UC20250041,市政建设集团有限公司,市教育局,5614.14,2349.93,2023-06-27,土地出让金,刘建国,规划设计处
科技园区商业综合体建设五期,UC20250197,园林绿化建设集团,市规划和自然资源局,6405.51,449.17,2024-01-18,专项债券,邓文华,项目管理处
开发区公园绿化工程三期,UC20250107,市政建设集团有限公司,市发展和改革委员会,7231.64,2299.8,2023-07-31,土地出让金,高建国,投资建设处
高新区道路建设工程一期,UC20250044,水务建设集团公司,市交通运输局,4605.77,1198.63,2023-11-14,一般债券,孙海涛,资金管理处
科技园区隧道建设工程三期,UC20250038,园林绿化建设集团,市生态环境局,18476.73,6664.41,2024-06-25,中央补助,钱国强,资金管理处
山区住宅小区建设一期,UC20250010,公共设施建设集团,市教育局,15899.97,3059.61,2023-11-25,中央预算内投资,王志远,项目管理处
滨海新区图书馆建设三期,UC20250159,基础设施建设公司,市生态环境局,15176.03,3547.28,2023-09-08,省级补助,周建军,计划财务处
西城区垃圾处理中心建设四期,UC20250132,园林绿化建设集团,市卫生健康委员会,1685.52,127.63,2023-10-01,省级补助,徐文军,综合管理处
开发区排水管网工程三期,UC20250059,园林绿化建设集团,市规划和自然资源局,10416.65,2779.05,2024-03-13,中央补助,张建华,审计监察处
经济技术开发区停车场建设四期,UC20250081,公共设施建设集团,市城市管理局,11579.71,2451.98,2024-07-22,中央补助,吴德华,投资建设处
经济技术开发区道路建设工程四期,UC20250129,教育建设投资公司,市文化和旅游局,2750.84,449.99,2023-12-03,专项债券,彭志明,质量安全处
山区公园绿化工程五期,UC20250077,园林绿化建设集团,市交通运输局,9711.83,561.88,2023-06-21,省级补助,李明强,规划设计处
山区公园绿化工程五期,UC20250077,园林绿化建设集团,市交通运输局,9711.83,3582.94,2023-09-17,中央补助,曹建军,审计监察处
新区桥梁建设工程三期,UC20250138,教育建设投资公司,市城市管理局,16224.31,2724.93,2023-11-06,中央补助,韩志刚,审计监察处
开发区学校建设工程一期,UC20250137,园林绿化建设集团,市文化和旅游局,14850.1,3911.4,2024-02-22,中央补助,刘建国,质量安全处
高新区住宅小区建设三期,UC20250146,城市投资建设集团,市生态环境局,3426.51,438.41,2024-10-29,中央预算内投资,黄志明,质量安全处
高新区停车场建设三期,UC20250026,环保建设投资公司,市城市管理局,19806.41,8988.03,2025-03-20,中央预算内投资,张建华,资金管理处
滨海新区图书馆建设三期,UC20250159,基础设施建设公司,市生态环境局,15176.03,2991.01,2023-09-28,土地出让金,杨文华,工程建设处
经济技术开发区停车场建设三期,UC20250185,市政建设集团有限公司,市生态环境局,9251.02,4087.73,2024-04-29,中央补助,韩志刚,项目管理处
科技园区地铁建设工程四期,UC20250078,公共设施建设集团,市城市管理局,13320.36,3185.26,2023-10-17,一般债券,刘建国,质量安全处
东城区排水管网工程三期,UC20250020,水务建设集团公司,市发展和改革委员会,6587.12,550.21,2023-12-18,中央综合财力,邓文华,资金管理处
东城区隧道建设工程二期,UC20250190,教育建设投资公司,市教育局,15294.75,2249.75,2024-06-12,一般债券,徐文军,审计监察处
新区排水管网工程四期,UC20250168,医疗建设发展公司,市发展和改革委员会,4403.09,1604.71,2024-02-17,中央综合财力,梁文博,综合管理处
南城区停车场建设一期,UC20250147,基础设施建设公司,市规划和自然资源局,12450.51,6103.21,2023-10-29,省级补助,梁文博,招投标管理处
生态城区公交站台建设五期,UC20250016,教育建设投资公司,市住房和城乡建设局,5193.74,2366.39,2024-11-20,省级补助,吴德华,招投标管理处
新区商业综合体建设二期,UC20250128,水务建设集团公司,市规划和自然资源局,18647.72,6935.39,2024-01-03,中央预算内投资,邓文华,资金管理处
新区广场建设工程五期,UC20250094,住房建设集团,市规划和自然资源局,9339.82,1227.62,2024-10-07,中央综合财力,朱建平,资金管理处
南城区学校建设工程一期,UC20250111,交通建设发展集团,市规划和自然资源局,14688.91,2139.97,2024-04-09,省级补助,彭志明,资金管理处
北城区住宅小区建设四期,UC20250073,公共设施建设集团,市规划和自然资源局,15447.51,871.81,2023-10-26,土地出让金,高建国,综合管理处
经济技术开发区停车场建设一期,UC20250172,基础设施建设公司,市住房和城乡建设局,10388.38,4594.74,2024-08-22,专项债券,郭建华,投资建设处
科技园区住宅小区建设三期,UC20250047,水务建设集团公司,市教育局,10085.51,969.24,2024-10-17,专项债券,钱国强,资金管理处
西城区桥梁建设工程一期,UC20250154,文化建设集团,市文化和旅游局,9844.53,830.65,2024-01-09,省级补助,林志强,投资建设处
滨海新区图书馆建设三期,UC20250159,基础设施建设公司,市生态环境局,15176.03,3951.76,2023-10-03,省级补助,赵文博,资金管理处
科技园区地铁建设工程四期,UC20250078,公共设施建设集团,市城市管理局,13320.36,1760.31,2024-01-19,省级补助,林志强,工程建设处
经济技术开发区商业综合体建设一期,UC20250055,水务建设集团公司,市体育局,11577.32,3347.68,2024-06-03,中央补助,陈志刚,招投标管理处
山区公园绿化工程五期,UC20250077,园林绿化建设集团,市交通运输局,9711.83,2056.76,2023-11-22,中央综合财力,孙海涛,招投标管理处
生态城区学校建设工程三期,UC20250134,文化建设集团,市文化和旅游局,17959.8,6882.31,2025-02-07,中央预算内投资,马建设,计划财务处
生态城区桥梁建设工程二期,UC20250095,医疗建设发展公司,市教育局,6305.58,2913.64,2023-12-05,中央补助,孙海涛,计划财务处
科技园区桥梁建设工程一期,UC20250072,公共设施建设集团,市生态环境局,3031.25,816.08,2023-04-12,省级补助,杨文华,项目管理处
滨海新区隧道建设工程一期,UC20250021,基础设施建设公司,市规划和自然资源局,1493.28,267.43,2024-06-30,省级补助,陈志刚,工程建设处
科技园区地铁建设工程四期,UC20250078,公共设施建设集团,市城市管理局,13320.36,4923.79,2024-05-12,中央补助,何志远,招投标管理处
东城区供水管网工程五期,UC20250131,市政建设集团有限公司,市交通运输局,1223.31,513.9,2023-07-17,中央综合财力,韩志刚,审计监察处
经济技术开发区博物馆建设四期,UC20250121,交通建设发展集团,市住房和城乡建设局,17087.64,6433.11,2023-02-05,中央补助,陈志刚,规划设计处
经济技术开发区道路建设工程四期,UC20250129,教育建设投资公司,市文化和旅游局,2750.84,503.56,2023-12-27,专项债券,黄志明,审计监察处
山区排水管网工程五期,UC20250069,园林绿化建设集团,市卫生健康委员会,15997.2,2830.22,2025-03-15,省级补助,梁文博,审计监察处
经济技术开发区排水管网工程五期,UC20250117,公共设施建设集团,市城市管理局,1330.59,611.43,2024-05-30,省级补助,林志强,计划财务处
生态城区学校建设工程一期,UC20250089,水务建设集团公司,市卫生健康委员会,17662.58,5735.73,2024-03-09,土地出让金,何志远,综合管理处
经济技术开发区商业综合体建设一期,UC20250055,水务建设集团公司,市体育局,11577.32,4501.36,2024-12-31,专项债券,彭志明,招投标管理处
经济技术开发区停车场建设四期,UC20250081,公共设施建设集团,市城市管理局,11579.71,2939.24,2023-12-28,土地出让金,周建军,综合管理处
东城区商业综合体建设三期,UC20250050,环保建设投资公司,市卫生健康委员会,16191.13,7190.37,2023-09-15,土地出让金,郭建华,审计监察处
工业园区道路建设工程一期,UC20250164,文化建设集团,市园林绿化局,15239.68,6268.16,2024-01-02,中央综合财力,梁文博,投资建设处
高新区道路建设工程一期,UC20250044,水务建设集团公司,市交通运输局,4605.77,1380.34,2023-02-15,中央综合财力,梁文博,资金管理处
科技园区供水管网工程一期,UC20250170,交通建设发展集团,市生态环境局,13000.65,5891.59,2024-01-07,中央补助,马建设,投资建设处
生态城区医院建设工程一期,UC20250012,公共设施建设集团,市体育局,12670.16,5676.94,2024-08-27,中央预算内投资,曹建军,计划财务处
新区医院建设工程三期,UC20250023,医疗建设发展公司,市体育局,14833.68,6417.15,2023-09-11,中央预算内投资,李明强,综合管理处
生态城区学校建设工程一期,UC20250127,园林绿化建设集团,市教育局,5903.98,1872.65,2023-08-14,中央补助,刘建国,质量安全处
科技园区体育中心建设五期,UC20250165,文化建设集团,市卫生健康委员会,13601.03,5629.32,2024-09-10,专项债券,邓文华,招投标管理处
科技园区商业综合体建设四期,UC20250067,基础设施建设公司,市交通运输局,3362.63,232.29,2024-04-07,一般债券,黄志明,质量安全处
经济技术开发区隧道建设工程二期,UC20250014,园林绿化建设集团,市住房和城乡建设局,17729.54,1537.43,2024-01-04,中央综合财力,高建国,规划设计处
中心区污水处理厂建设五期,UC20250063,教育建设投资公司,市城市管理局,10237.66,3863.67,2023-08-10,省级补助,彭志明,项目管理处
东城区供水管网工程五期,UC20250131,市政建设集团有限公司,市交通运输局,1223.31,312.79,2023-12-03,中央补助,马建设,综合管理处
新区排水管网工程四期,UC20250168,医疗建设发展公司,市发展和改革委员会,4403.09,1473.41,2024-11-28,中央补助,何志远,招投标管理处
新区排水管网工程四期,UC20250168,医疗建设发展公司,市发展和改革委员会,4403.09,1979.71,2024-07-23,中央综合财力,钱国强,综合管理处
北城区排水管网工程五期,UC20250151,交通建设发展集团,市体育局,6752.8,2803.49,2024-04-14,中央补助,杨文华,资金管理处
西城区广场建设工程二期,UC20250116,教育建设投资公司,市交通运输局,10935.63,3723.77,2023-09-08,一般债券,何志远,招投标管理处
工业园区医院建设工程三期,UC20250103,城市投资建设集团,市发展和改革委员会,18777.54,5130.22,2024-12-02,土地出让金,朱建平,项目管理处
东城区商业综合体建设三期,UC20250050,环保建设投资公司,市卫生健康委员会,16191.13,1576.69,2023-06-26,土地出让金,徐文军,规划设计处
高新区住宅小区建设一期,UC20250124,医疗建设发展公司,市体育局,7647.73,2826.04,2023-04-22,专项债券,彭志明,招投标管理处
西城区图书馆建设二期,UC20250070,公共设施建设集团,市发展和改革委员会,4527.63,467.97,2023-06-24,中央补助,李明强,投资建设处
东城区道路建设工程二期,UC20250174,公共设施建设集团,市文化和旅游局,5313.94,1930.88,2024-04-23,一般债券,陈志刚,工程建设处
北城区污水处理厂建设五期,UC20250087,医疗建设发展公司,市发展和改革委员会,2611.61,557.5,2025-02-16,中央补助,陈志刚,工程建设处
东城区隧道建设工程五期,UC20250006,基础设施建设公司,市交通运输局,12966.97,2822.61,2025-01-07,土地出让金,赵文博,综合管理处
高新区供水管网工程五期,UC20250171,基础设施建设公司,市规划和自然资源局,12604.46,5522.38,2023-05-15,中央综合财力,刘建国,审计监察处
生态城区学校建设工程一期,UC20250089,水务建设集团公司,市卫生健康委员会,17662.58,3535.09,2024-11-28,土地出让金,高建国,质量安全处
生态城区停车场建设五期,UC20250130,园林绿化建设集团,市教育局,15361.45,3772.38,2024-04-11,中央综合财力,吴德华,质量安全处
开发区公园绿化工程五期,UC20250039,住房建设集团,市规划和自然资源局,11375.17,2305.86,2024-04-11,中央预算内投资,曹建军,综合管理处
开发区地铁建设工程二期,UC20250031,交通建设发展集团,市规划和自然资源局,16679.2,2136.79,2024-01-11,一般债券,孙海涛,投资建设处
新区排水管网工程四期,UC20250168,医疗建设发展公司,市发展和改革委员会,4403.09,1530.17,2025-01-02,土地出让金,韩志刚,资金管理处
新区医院建设工程四期,UC20250184,教育建设投资公司,市园林绿化局,17649.2,1839.73,2023-09-16,中央综合财力,钱国强,规划设计处
生态城区医院建设工程一期,UC20250012,公共设施建设集团,市体育局,12670.16,4774.11,2024-07-22,一般债券,郭建华,质量安全处
经济技术开发区排水管网工程五期,UC20250117,公共设施建设集团,市城市管理局,1330.59,205.73,2024-06-30,省级补助,林志强,综合管理处
科技园区商业综合体建设四期,UC20250067,基础设施建设公司,市交通运输局,3362.63,1372.02,2024-06-01,一般债券,钱国强,资金管理处
滨海新区文化中心建设五期,UC20250133,公共设施建设集团,市交通运输局,10244.62,1866.64,2023-08-14,土地出让金,钱国强,工程建设处
开发区住宅小区建设一期,UC20250074,园林绿化建设集团,市园林绿化局,6621.25,1513.23,2024-12-07,中央预算内投资,周建军,项目管理处
东城区排水管网工程三期,UC20250179,文化建设集团,市交通运输局,18545.15,8687.12,2023-10-25,专项债券,彭志明,投资建设处
生态城区桥梁建设工程二期,UC20250095,医疗建设发展公司,市教育局,6305.58,602.77,2024-03-16,专项债券,梁文博,招投标管理处
经济技术开发区博物馆建设二期,UC20250194,文化建设集团,市体育局,10431.5,3723.0,2023-11-08,省级补助,张建华,工程建设处
新区排水管网工程四期,UC20250168,医疗建设发展公司,市发展和改革委员会,4403.09,1490.22,2024-04-15,中央补助,钱国强,投资建设处
新区博物馆建设三期,UC20250017,市政建设集团有限公司,市体育局,14150.93,5358.93,2024-09-04,中央综合财力,曹建军,计划财务处
科技园区博物馆建设五期,UC20250114,基础设施建设公司,市生态环境局,15727.74,4420.46,2024-07-29,省级补助,彭志明,项目管理处
生态城区学校建设工程三期,UC20250134,文化建设集团,市文化和旅游局,17959.8,7951.86,2025-03-15,土地出让金,韩志刚,资金管理处
中心区体育中心建设五期,UC20250180,园林绿化建设集团,市教育局,7232.0,1078.92,2024-01-28,土地出让金,周建军,质量安全处
北城区供水管网工程五期,UC20250141,公共设施建设集团,市城市管理局,1740.98,200.88,2023-12-02,专项债券,彭志明,招投标管理处
新区商业综合体建设三期,UC20250068,教育建设投资公司,市教育局,15761.66,7031.79,2023-07-11,专项债券,徐文军,审计监察处
东城区隧道建设工程二期,UC20250190,教育建设投资公司,市教育局,15294.75,1592.1,2024-07-26,一般债券,朱建平,质量安全处
东城区供水管网工程五期,UC20250131,市政建设集团有限公司,市交通运输局,1223.31,62.35,2023-06-29,一般债券,彭志明,计划财务处
工业园区地铁建设工程四期,UC20250058,交通建设发展集团,市文化和旅游局,9412.2,2224.08,2024-08-27,中央预算内投资,钱国强,计划财务处
工业园区供水管网工程四期,UC20250178,水务建设集团公司,市体育局,8559.13,2741.93,2023-02-18,一般债券,徐文军,综合管理处
经济技术开发区广场建设工程二期,UC20250076,住房建设集团,市体育局,19718.38,3904.37,2024-02-16,中央补助,陈志刚,资金管理处
科技园区住宅小区建设三期,UC20250047,水务建设集团公司,市教育局,10085.51,4601.6,2024-12-02,一般债券,彭志明,综合管理处
科技园区隧道建设工程三期,UC20250038,园林绿化建设集团,市生态环境局,18476.73,5666.94,2025-01-23,省级补助,周建军,资金管理处
生态城区住宅小区建设二期,UC20250188,文化建设集团,市体育局,18733.19,8002.75,2023-09-24,一般债券,周建军,审计监察处
南城区停车场建设一期,UC20250147,基础设施建设公司,市规划和自然资源局,12450.51,5593.5,2024-06-08,中央预算内投资,吴德华,计划财务处
科技园区地铁建设工程四期,UC20250078,公共设施建设集团,市城市管理局,13320.36,4142.89,2023-11-19,中央综合财力,钱国强,审计监察处
高新区隧道建设工程三期,UC20250135,教育建设投资公司,市城市管理局,7656.32,991.09,2023-12-14,土地出让金,彭志明,规划设计处
高新区隧道建设工程三期,UC20250135,教育建设投资公司,市城市管理局,7656.32,2269.81,2023-08-01,中央综合财力,钱国强,计划财务处
南城区供水管网工程四期,UC20250027,城市投资建设集团,市规划和自然资源局,15862.12,7255.39,2024-08-10,省级补助,邓文华,招投标管理处
东城区供水管网工程五期,UC20250071,住房建设集团,市交通运输局,2449.48,472.45,2023-12-20,土地出让金,赵文博,资金管理处
生态城区学校建设工程三期,UC20250009,园林绿化建设集团,市规划和自然资源局,12468.79,3011.17,2024-10-26,省级补助,林志强,计划财务处
南城区医院建设工程五期,UC20250001,文化建设集团,市城市管理局,13153.33,1795.09,2024-01-04,专项债券,杨文华,计划财务处
科技园区商业综合体建设四期,UC20250067,基础设施建设公司,市交通运输局,3362.63,1121.84,2025-02-28,中央预算内投资,高建国,资金管理处
科技园区公园绿化工程一期,UC20250148,文化建设集团,市生态环境局,4114.42,361.0,2024-03-18,土地出让金,张建华,项目管理处
滨海新区隧道建设工程一期,UC20250021,基础设施建设公司,市规划和自然资源局,1493.28,685.45,2024-12-20,土地出让金,王志远,投资建设处
新区供水管网工程四期,UC20250191,住房建设集团,市文化和旅游局,15400.22,3942.29,2024-07-01,一般债券,梁文博,质量安全处
开发区图书馆建设一期,UC20250003,住房建设集团,市园林绿化局,6228.91,774.92,2023-08-20,专项债券,杨文华,质量安全处
东城区排水管网工程三期,UC20250020,水务建设集团公司,市发展和改革委员会,6587.12,1758.2,2023-05-15,中央综合财力,钱国强,计划财务处
东城区学校建设工程四期,UC20250088,水务建设集团公司,市规划和自然资源局,9824.61,3853.49,2023-11-06,中央预算内投资,徐文军,计划财务处
新区商业综合体建设二期,UC20250181,交通建设发展集团,市规划和自然资源局,5276.28,1121.93,2024-05-08,中央综合财力,朱建平,资金管理处
滨海新区排水管网工程一期,UC20250139,城市投资建设集团,市文化和旅游局,1824.32,586.96,2024-09-25,中央预算内投资,孙海涛,规划设计处
滨海新区污水处理厂建设五期,UC20250086,文化建设集团,市卫生健康委员会,12672.36,5580.99,2024-06-06,省级补助,周建军,投资建设处
西城区图书馆建设二期,UC20250102,环保建设投资公司,市规划和自然资源局,4169.97,1990.03,2024-05-09,一般债券,徐文军,规划设计处
新区桥梁建设工程三期,UC20250138,教育建设投资公司,市城市管理局,16224.31,4836.53,2023-12-07,一般债券,徐文军,投资建设处
经济技术开发区体育中心建设二期,UC20250169,医疗建设发展公司,市体育局,8178.7,2750.71,2023-12-24,专项债券,郭建华,项目管理处
工业园区公园绿化工程五期,UC20250106,基础设施建设公司,市发展和改革委员会,14618.25,5942.01,2023-12-18,专项债券,梁文博,计划财务处
经济技术开发区停车场建设三期,UC20250185,市政建设集团有限公司,市生态环境局,9251.02,1967.39,2025-01-13,一般债券,王志远,项目管理处
南城区供水管网工程四期,UC20250027,城市投资建设集团,市规划和自然资源局,15862.12,7906.72,2024-06-24,中央补助,梁文博,资金管理处
南城区停车场建设二期,UC20250101,教育建设投资公司,市规划和自然资源局,6826.43,419.39,2024-10-13,专项债券,吴德华,综合管理处
高新区垃圾处理中心建设二期,UC20250097,公共设施建设集团,市交通运输局,15839.46,1080.47,2024-05-02,中央预算内投资,李明强,规划设计处
新区供水管网工程四期,UC20250191,住房建设集团,市文化和旅游局,15400.22,960.03,2025-01-02,中央补助,钱国强,投资建设处
南城区停车场建设二期,UC20250101,教育建设投资公司,市规划和自然资源局,6826.43,1441.77,2024-12-07,土地出让金,周建军,项目管理处
开发区排水管网工程五期,UC20250115,住房建设集团,市生态环境局,4923.67,2057.28,2023-12-29,专项债券,赵文博,计划财务处
新区图书馆建设三期,UC20250030,文化建设集团,市住房和城乡建设局,2777.61,578.15,2025-01-12,专项债券,朱建平,计划财务处
开发区商业综合体建设三期,UC20250200,市政建设集团有限公司,市规划和自然资源局,13011.48,2404.12,2024-09-02,中央补助,钱国强,招投标管理处
科技园区博物馆建设五期,UC20250114,基础设施建设公司,市生态环境局,15727.74,3054.92,2024-06-09,一般债券,邓文华,项目管理处
滨海新区医院建设工程五期,UC20250011,基础设施建设公司,市发展和改革委员会,15502.96,5463.45,2025-01-27,一般债券,刘建国,综合管理处
东城区商业综合体建设三期,UC20250050,环保建设投资公司,市卫生健康委员会,16191.13,5231.4,2024-01-22,中央预算内投资,王志远,审计监察处
开发区公园绿化工程三期,UC20250107,市政建设集团有限公司,市发展和改革委员会,7231.64,579.57,2024-03-23,土地出让金,林志强,投资建设处
高新区停车场建设三期,UC20250026,环保建设投资公司,市城市管理局,19806.41,6730.4,2025-05-17,专项债券,林志强,招投标管理处
北城区文化中心建设一期,UC20250175,医疗建设发展公司,市教育局,13900.46,6664.66,2024-02-25,一般债券,徐文军,质量安全处
东城区文化中心建设三期,UC20250163,园林绿化建设集团,市水利局,18260.6,2069.33,2023-08-05,中央预算内投资,李明强,质量安全处
新区广场建设工程二期,UC20250186,园林绿化建设集团,市卫生健康委员会,11009.55,4232.51,2023-09-16,省级补助,黄志明,计划财务处
生态城区学校建设工程一期,UC20250089,水务建设集团公司,市卫生健康委员会,17662.58,2263.72,2024-03-18,土地出让金,李明强,计划财务处
新区排水管网工程五期,UC20250136,基础设施建设公司,市规划和自然资源局,2318.74,1144.63,2024-05-23,一般债券,黄志明,项目管理处
工业园区文化中心建设五期,UC20250062,市政建设集团有限公司,市卫生健康委员会,4909.01,1823.89,2023-08-10,中央综合财力,邓文华,审计监察处
生态城区广场建设工程三期,UC20250193,园林绿化建设集团,市园林绿化局,5187.63,1491.75,2023-07-21,土地出让金,周建军,资金管理处
新区供水管网工程四期,UC20250191,住房建设集团,市文化和旅游局,15400.22,5319.07,2024-08-29,省级补助,赵文博,投资建设处
北城区住宅小区建设四期,UC20250073,公共设施建设集团,市规划和自然资源局,15447.51,3975.85,2024-03-26,专项债券,钱国强,资金管理处
高新区住宅小区建设四期,UC20250177,住房建设集团,市规划和自然资源局,6523.64,383.82,2023-09-08,中央综合财力,彭志明,投资建设处
新区文化中心建设三期,UC20250099,教育建设投资公司,市生态环境局,10879.91,4730.62,2023-04-27,省级补助,杨文华,工程建设处
东城区广场建设工程二期,UC20250013,水务建设集团公司,市文化和旅游局,7687.92,1119.83,2024-08-10,土地出让金,钱国强,工程建设处
南城区停车场建设一期,UC20250147,基础设施建设公司,市规划和自然资源局,12450.51,1135.73,2024-05-06,土地出让金,林志强,项目管理处
科技园区垃圾处理中心建设一期,UC20250110,水务建设集团公司,市水利局,7279.23,1361.4,2024-01-18,土地出让金,韩志刚,质量安全处
开发区图书馆建设三期,UC20250125,教育建设投资公司,市园林绿化局,2870.19,287.66,2023-08-16,一般债券,李明强,审计监察处
工业园区文化中心建设一期,UC20250096,园林绿化建设集团,市规划和自然资源局,19627.56,2600.59,2024-02-08,中央补助,周建军,招投标管理处
经济技术开发区医院建设工程五期,UC20250142,园林绿化建设集团,市住房和城乡建设局,2574.42,669.01,2023-12-25,中央预算内投资,刘建国,招投标管理处
开发区地铁建设工程二期,UC20250031,交通建设发展集团,市规划和自然资源局,16679.2,2394.65,2024-09-29,省级补助,彭志明,投资建设处
经济技术开发区桥梁建设工程四期,UC20250024,交通建设发展集团,市体育局,19706.26,7936.92,2024-05-26,专项债券,徐文军,投资建设处
科技园区桥梁建设工程一期,UC20250032,交通建设发展集团,市体育局,1904.37,356.13,2023-09-07,土地出让金,韩志刚,招投标管理处
东城区供水管网工程五期,UC20250131,市政建设集团有限公司,市交通运输局,1223.31,167.28,2024-01-25,土地出让金,孙海涛,审计监察处
开发区公交站台建设五期,UC20250123,医疗建设发展公司,市水利局,12350.63,3227.97,2024-12-05,中央综合财力,朱建平,质量安全处
东城区垃圾处理中心建设二期,UC20250176,公共设施建设集团,市生态环境局,16258.53,4273.42,2024-08-19,一般债券,梁文博,招投标管理处
高新区商业综合体建设一期,UC20250195,教育建设投资公司,市发展和改革委员会,7066.19,2307.17,2024-12-15,中央预算内投资,吴德华,质量安全处
科技园区住宅小区建设三期,UC20250047,水务建设集团公司,市教育局,10085.51,4338.82,2024-12-03,中央补助,徐文军,计划财务处
生态城区公交站台建设五期,UC20250016,教育建设投资公司,市住房和城乡建设局,5193.74,526.53,2025-02-21,中央综合财力,张建华,项目管理处
经济技术开发区桥梁建设工程四期,UC20250024,交通建设发展集团,市体育局,19706.26,9052.65,2025-02-20,中央预算内投资,徐文军,质量安全处
开发区图书馆建设一期,UC20250003,住房建设集团,市园林绿化局,6228.91,2812.78,2023-10-31,土地出让金,杨文华,规划设计处
东城区垃圾处理中心建设二期,UC20250176,公共设施建设集团,市生态环境局,16258.53,5549.36,2025-02-24,中央补助,周建军,质量安全处
生态城区学校建设工程三期,UC20250134,文化建设集团,市文化和旅游局,17959.8,4206.2,2024-11-05,一般债券,黄志明,资金管理处
山区桥梁建设工程二期,UC20250043,城市投资建设集团,市卫生健康委员会,3687.82,1485.94,2024-06-19,土地出让金,周建军,投资建设处
经济技术开发区博物馆建设二期,UC20250194,文化建设集团,市体育局,10431.5,3085.94,2023-04-29,中央预算内投资,彭志明,审计监察处
生态城区博物馆建设四期,UC20250053,基础设施建设公司,市城市管理局,6660.62,3111.31,2024-05-18,专项债券,梁文博,计划财务处
东城区住宅小区建设二期,UC20250109,教育建设投资公司,市生态环境局,19187.36,6291.97,2023-02-25,中央综合财力,黄志明,规划设计处
新区停车场建设五期,UC20250084,基础设施建设公司,市规划和自然资源局,12808.92,3893.04,2023-05-10,中央补助,刘建国,项目管理处
高新区隧道建设工程三期,UC20250135,教育建设投资公司,市城市管理局,7656.32,3509.81,2023-05-26,土地出让金,周建军,审计监察处
工业园区道路建设工程一期,UC20250164,文化建设集团,市园林绿化局,15239.68,7601.79,2023-11-25,专项债券,邓文华,质量安全处
高新区住宅小区建设四期,UC20250177,住房建设集团,市规划和自然资源局,6523.64,716.55,2023-12-20,省级补助,吴德华,计划财务处
工业园区桥梁建设工程二期,UC20250157,水务建设集团公司,市发展和改革委员会,4636.74,2132.01,2024-05-05,一般债券,徐文军,招投标管理处
生态城区公交站台建设五期,UC20250016,教育建设投资公司,市住房和城乡建设局,5193.74,477.5,2024-07-28,省级补助,林志强,质量安全处
东城区隧道建设工程五期,UC20250006,基础设施建设公司,市交通运输局,12966.97,5076.61,2024-05-09,省级补助,黄志明,招投标管理处
工业园区文化中心建设一期,UC20250096,园林绿化建设集团,市规划和自然资源局,19627.56,9168.71,2024-01-28,一般债券,朱建平,招投标管理处
经济技术开发区广场建设工程二期,UC20250076,住房建设集团,市体育局,19718.38,1937.64,2023-09-21,中央补助,杨文华,工程建设处
工业园区供水管网工程四期,UC20250178,水务建设集团公司,市体育局,8559.13,1927.09,2023-02-23,中央预算内投资,吴德华,计划财务处
生态城区桥梁建设工程二期,UC20250095,医疗建设发展公司,市教育局,6305.58,1905.56,2023-10-24,一般债券,周建军,项目管理处
新区住宅小区建设二期,UC20250112,医疗建设发展公司,市文化和旅游局,4157.74,1574.08,2023-09-08,中央综合财力,邓文华,规划设计处
开发区广场建设工程三期,UC20250051,环保建设投资公司,市规划和自然资源局,15130.96,6860.94,2024-06-02,省级补助,刘建国,投资建设处
滨海新区排水管网工程一期,UC20250139,城市投资建设集团,市文化和旅游局,1824.32,617.84,2024-08-13,中央补助,郭建华,审计监察处
山区博物馆建设三期,UC20250082,医疗建设发展公司,市水利局,9010.59,2106.02,2023-06-05,省级补助,韩志刚,投资建设处
西城区停车场建设五期,UC20250198,市政建设集团有限公司,市水利局,6036.55,1504.2,2024-03-13,中央综合财力,马建设,规划设计处
开发区文化中心建设三期,UC20250019,环保建设投资公司,市园林绿化局,3472.43,710.39,2024-12-28,省级补助,郭建华,计划财务处
开发区地铁建设工程二期,UC20250031,交通建设发展集团,市规划和自然资源局,16679.2,3797.89,2024-02-21,专项债券,何志远,投资建设处
新区商业综合体建设二期,UC20250128,水务建设集团公司,市规划和自然资源局,18647.72,8346.95,2023-06-21,中央预算内投资,陈志刚,计划财务处
开发区排水管网工程五期,UC20250115,住房建设集团,市生态环境局,4923.67,2030.37,2024-06-04,省级补助,何志远,项目管理处
北城区文化中心建设一期,UC20250175,医疗建设发展公司,市教育局,13900.46,5757.0,2023-12-25,省级补助,彭志明,招投标管理处
开发区公园绿化工程五期,UC20250039,住房建设集团,市规划和自然资源局,11375.17,1390.32,2024-03-15,专项债券,周建军,招投标管理处
科技园区桥梁建设工程一期,UC20250072,公共设施建设集团,市生态环境局,3031.25,871.04,2023-06-04,一般债券,钱国强,工程建设处
东城区排水管网工程三期,UC20250179,文化建设集团,市交通运输局,18545.15,3605.29,2023-12-22,专项债券,高建国,审计监察处
科技园区公园绿化工程四期,UC20250075,住房建设集团,市城市管理局,10804.52,5177.1,2024-03-01,一般债券,黄志明,规划设计处
科技园区公园绿化工程一期,UC20250148,文化建设集团,市生态环境局,4114.42,1401.52,2024-08-06,一般债券,曹建军,质量安全处
开发区住宅小区建设一期,UC20250074,园林绿化建设集团,市园林绿化局,6621.25,1805.93,2024-11-10,中央补助,赵文博,计划财务处
东城区供水管网工程五期,UC20250071,住房建设集团,市交通运输局,2449.48,396.52,2023-08-21,中央预算内投资,林志强,计划财务处
东城区广场建设工程二期,UC20250013,水务建设集团公司,市文化和旅游局,7687.92,3062.85,2023-09-04,省级补助,高建国,招投标管理处
西城区广场建设工程二期,UC20250116,教育建设投资公司,市交通运输局,10935.63,1042.37,2023-11-21,省级补助,杨文华,规划设计处
经济技术开发区停车场建设一期,UC20250172,基础设施建设公司,市住房和城乡建设局,10388.38,3907.02,2024-05-17,土地出让金,郭建华,审计监察处
科技园区桥梁建设工程一期,UC20250032,交通建设发展集团,市体育局,1904.37,491.2,2023-08-08,中央预算内投资,吴德华,工程建设处
科技园区隧道建设工程四期,UC20250167,公共设施建设集团,市文化和旅游局,3628.24,999.3,2025-02-01,中央综合财力,朱建平,规划设计处
生态城区学校建设工程三期,UC20250009,园林绿化建设集团,市规划和自然资源局,12468.79,4139.84,2024-12-16,中央综合财力,李明强,工程建设处
生态城区医院建设工程一期,UC20250012,公共设施建设集团,市体育局,12670.16,5804.01,2024-05-17,土地出让金,马建设,审计监察处
北城区住宅小区建设四期,UC20250073,公共设施建设集团,市规划和自然资源局,15447.51,3168.36,2023-09-22,中央综合财力,李明强,计划财务处
生态城区学校建设工程三期,UC20250009,园林绿化建设集团,市规划和自然资源局,12468.79,1742.99,2024-06-18,一般债券,赵文博,综合管理处
西城区隧道建设工程二期,UC20250085,环保建设投资公司,市水利局,16589.72,4567.41,2024-05-01,一般债券,陈志刚,资金管理处
生态城区博物馆建设四期,UC20250053,基础设施建设公司,市城市管理局,6660.62,549.45,2024-03-19,中央补助,周建军,项目管理处
开发区住宅小区建设一期,UC20250074,园林绿化建设集团,市园林绿化局,6621.25,2600.62,2024-10-08,省级补助,李明强,计划财务处
生态城区广场建设工程五期,UC20250149,住房建设集团,市体育局,5797.62,645.62,2024-06-09,专项债券,李明强,投资建设处
南城区排水管网工程四期,UC20250004,公共设施建设集团,市体育局,1197.02,584.8,2024-05-08,专项债券,梁文博,项目管理处
新区住宅小区建设三期,UC20250113,文化建设集团,市规划和自然资源局,18586.78,6966.47,2024-12-27,土地出让金,朱建平,计划财务处
南城区供水管网工程四期,UC20250027,城市投资建设集团,市规划和自然资源局,15862.12,3730.84,2024-06-17,中央预算内投资,林志强,规划设计处
北城区文化中心建设一期,UC20250175,医疗建设发展公司,市教育局,13900.46,3366.97,2023-07-03,专项债券,朱建平,质量安全处
滨海新区医院建设工程五期,UC20250011,基础设施建设公司,市发展和改革委员会,15502.96,6057.56,2025-01-09,中央补助,徐文军,审计监察处
南城区医院建设工程五期,UC20250001,文化建设集团,市城市管理局,13153.33,4227.2,2023-11-05,省级补助,何志远,计划财务处
经济技术开发区医院建设工程五期,UC20250142,园林绿化建设集团,市住房和城乡建设局,2574.42,783.49,2023-09-24,专项债券,曹建军,质量安全处
新区商业综合体建设二期,UC20250181,交通建设发展集团,市规划和自然资源局,5276.28,688.09,2024-06-30,中央综合财力,陈志刚,审计监察处
北城区文化中心建设一期,UC20250175,医疗建设发展公司,市教育局,13900.46,912.02,2023-05-31,土地出让金,马建设,投资建设处
高新区住宅小区建设一期,UC20250124,医疗建设发展公司,市体育局,7647.73,2504.68,2023-08-05,省级补助,黄志明,投资建设处
经济技术开发区商业综合体建设一期,UC20250055,水务建设集团公司,市体育局,11577.32,5328.91,2025-01-18,土地出让金,梁文博,招投标管理处
滨海新区文化中心建设五期,UC20250133,公共设施建设集团,市交通运输局,10244.62,3592.92,2023-12-30,中央预算内投资,黄志明,工程建设处
开发区体育中心建设一期,UC20250108,园林绿化建设集团,市城市管理局,1473.65,376.81,2024-09-19,中央综合财力,钱国强,项目管理处
生态城区博物馆建设四期,UC20250053,基础设施建设公司,市城市管理局,6660.62,1943.2,2025-01-01,中央预算内投资,曹建军,招投标管理处
东城区隧道建设工程二期,UC20250190,教育建设投资公司,市教育局,15294.75,6166.99,2024-08-04,专项债券,韩志刚,工程建设处
新区图书馆建设三期,UC20250030,文化建设集团,市住房和城乡建设局,2777.61,1130.76,2024-11-22,中央综合财力,梁文博,资金管理处
科技园区地铁建设工程四期,UC20250078,公共设施建设集团,市城市管理局,13320.36,3270.74,2024-09-10,中央预算内投资,钱国强,规划设计处
山区排水管网工程五期,UC20250069,园林绿化建设集团,市卫生健康委员会,15997.2,853.04,2025-01-03,中央预算内投资,朱建平,计划财务处
生态城区学校建设工程一期,UC20250089,水务建设集团公司,市卫生健康委员会,17662.58,7853.97,2024-12-27,专项债券,徐文军,计划财务处
南城区排水管网工程四期,UC20250144,医疗建设发展公司,市水利局,4515.07,1604.98,2024-06-14,一般债券,周建军,质量安全处
开发区医院建设工程四期,UC20250028,交通建设发展集团,市卫生健康委员会,1513.85,466.23,2024-09-24,土地出让金,王志远,综合管理处
北城区供水管网工程五期,UC20250141,公共设施建设集团,市城市管理局,1740.98,377.43,2023-07-30,专项债券,邓文华,工程建设处
开发区体育中心建设一期,UC20250108,园林绿化建设集团,市城市管理局,1473.65,628.4,2024-09-15,中央综合财力,周建军,投资建设处
经济技术开发区道路建设工程四期,UC20250129,教育建设投资公司,市文化和旅游局,2750.84,927.89,2024-01-05,省级补助,何志远,资金管理处
北城区博物馆建设一期,UC20250092,环保建设投资公司,市城市管理局,14721.72,6766.74,2024-03-30,专项债券,梁文博,规划设计处
滨海新区地铁建设工程二期,UC20250196,文化建设集团,市教育局,8949.93,2286.97,2024-01-10,专项债券,李明强,计划财务处
西城区隧道建设工程二期,UC20250085,环保建设投资公司,市水利局,16589.72,6339.73,2024-01-12,省级补助,彭志明,项目管理处
滨海新区地铁建设工程二期,UC20250196,文化建设集团,市教育局,8949.93,1770.57,2023-04-30,省级补助,马建设,工程建设处
科技园区供水管网工程一期,UC20250170,交通建设发展集团,市生态环境局,13000.65,3960.16,2024-11-03,中央预算内投资,朱建平,规划设计处
新区商业综合体建设二期,UC20250181,交通建设发展集团,市规划和自然资源局,5276.28,1653.33,2024-05-20,中央补助,刘建国,审计监察处
山区停车场建设二期,UC20250093,教育建设投资公司,市城市管理局,9672.8,2923.18,2023-06-11,省级补助,杨文华,工程建设处
新区文化中心建设三期,UC20250099,教育建设投资公司,市生态环境局,10879.91,4374.41,2023-10-04,中央预算内投资,林志强,计划财务处
开发区地铁建设工程二期,UC20250031,交通建设发展集团,市规划和自然资源局,16679.2,2873.14,2023-12-11,一般债券,王志远,规划设计处
东城区供水管网工程五期,UC20250071,住房建设集团,市交通运输局,2449.48,1129.55,2023-06-07,省级补助,赵文博,审计监察处
生态城区体育中心建设一期,UC20250007,基础设施建设公司,市教育局,5263.45,602.68,2024-02-28,省级补助,周建军,资金管理处
西城区停车场建设五期,UC20250198,市政建设集团有限公司,市水利局,6036.55,1923.34,2023-08-21,省级补助,高建国,审计监察处
工业园区图书馆建设四期,UC20250035,文化建设集团,市水利局,19566.13,9368.92,2024-06-09,中央综合财力,梁文博,项目管理处
经济技术开发区道路建设工程二期,UC20250098,交通建设发展集团,市园林绿化局,18768.27,3587.25,2023-04-28,中央预算内投资,林志强,计划财务处
南城区学校建设工程一期,UC20250111,交通建设发展集团,市规划和自然资源局,14688.91,2211.52,2023-11-01,中央补助,高建国,招投标管理处
开发区地铁建设工程二期,UC20250031,交通建设发展集团,市规划和自然资源局,16679.2,6404.82,2024-04-14,中央综合财力,彭志明,质量安全处
山区污水处理厂建设四期,UC20250005,公共设施建设集团,市文化和旅游局,17553.7,4228.74,2023-08-01,省级补助,朱建平,项目管理处
工业园区体育中心建设四期,UC20250018,文化建设集团,市生态环境局,9233.4,3982.66,2023-11-04,土地出让金,孙海涛,审计监察处
东城区道路建设工程二期,UC20250174,公共设施建设集团,市文化和旅游局,5313.94,1531.3,2024-06-14,中央综合财力,刘建国,计划财务处
科技园区医院建设工程一期,UC20250045,文化建设集团,市生态环境局,6084.2,1217.0,2023-08-18,中央预算内投资,张建华,计划财务处
东城区商业综合体建设三期,UC20250050,环保建设投资公司,市卫生健康委员会,16191.13,4171.68,2023-06-09,中央预算内投资,钱国强,投资建设处
科技园区体育中心建设五期,UC20250165,文化建设集团,市卫生健康委员会,13601.03,4327.09,2024-05-17,省级补助,刘建国,计划财务处
经济技术开发区博物馆建设二期,UC20250194,文化建设集团,市体育局,10431.5,2770.51,2023-11-19,中央补助,梁文博,投资建设处
东城区排水管网工程三期,UC20250020,水务建设集团公司,市发展和改革委员会,6587.12,2685.93,2023-10-23,专项债券,孙海涛,招投标管理处
科技园区文化中心建设一期,UC20250022,园林绿化建设集团,市城市管理局,17899.28,3419.98,2024-08-07,中央预算内投资,曹建军,资金管理处
工业园区道路建设工程四期,UC20250091,公共设施建设集团,市园林绿化局,3587.95,1342.21,2024-09-12,一般债券,韩志刚,工程建设处
经济技术开发区桥梁建设工程四期,UC20250024,交通建设发展集团,市体育局,19706.26,9423.11,2025-04-11,中央预算内投资,朱建平,投资建设处
开发区广场建设工程五期,UC20250064,医疗建设发展公司,市规划和自然资源局,8411.23,2257.44,2024-11-12,专项债券,邓文华,规划设计处
生态城区学校建设工程一期,UC20250089,水务建设集团公司,市卫生健康委员会,17662.58,7860.65,2024-09-04,一般债券,徐文军,招投标管理处
北城区停车场建设五期,UC20250189,医疗建设发展公司,市城市管理局,6341.98,1216.71,2024-06-21,中央补助,郭建华,投资建设处
经济技术开发区医院建设工程五期,UC20250142,园林绿化建设集团,市住房和城乡建设局,2574.42,618.07,2023-10-07,省级补助,孙海涛,工程建设处
经济技术开发区隧道建设工程二期,UC20250014,园林绿化建设集团,市住房和城乡建设局,17729.54,5592.0,2023-05-11,省级补助,赵文博,审计监察处
东城区住宅小区建设二期,UC20250109,教育建设投资公司,市生态环境局,19187.36,5448.21,2023-04-09,土地出让金,朱建平,规划设计处
山区公园绿化工程五期,UC20250077,园林绿化建设集团,市交通运输局,9711.83,2861.9,2023-09-04,省级补助,赵文博,规划设计处
高新区道路建设工程一期,UC20250044,水务建设集团公司,市交通运输局,4605.77,807.57,2023-04-22,省级补助,张建华,综合管理处
西城区桥梁建设工程二期,UC20250008,公共设施建设集团,市住房和城乡建设局,9513.51,1843.59,2023-05-30,中央综合财力,杨文华,资金管理处
开发区排水管网工程三期,UC20250059,园林绿化建设集团,市规划和自然资源局,10416.65,1629.58,2023-07-20,省级补助,杨文华,投资建设处
科技园区公园绿化工程一期,UC20250148,文化建设集团,市生态环境局,4114.42,1505.69,2023-10-03,专项债券,林志强,审计监察处
山区住宅小区建设二期,UC20250048,教育建设投资公司,市园林绿化局,16282.43,1473.01,2024-01-20,中央补助,张建华,工程建设处
山区停车场建设三期,UC20250152,环保建设投资公司,市体育局,6751.53,962.47,2023-04-12,土地出让金,彭志明,投资建设处
山区停车场建设三期,UC20250152,环保建设投资公司,市体育局,6751.53,684.95,2023-06-01,一般债券,黄志明,工程建设处
山区博物馆建设三期,UC20250082,医疗建设发展公司,市水利局,9010.59,704.72,2024-01-09,中央综合财力,韩志刚,综合管理处
开发区图书馆建设三期,UC20250125,教育建设投资公司,市园林绿化局,2870.19,1160.63,2024-03-01,一般债券,陈志刚,综合管理处
滨海新区污水处理厂建设五期,UC20250086,文化建设集团,市卫生健康委员会,12672.36,3242.23,2024-10-09,一般债券,彭志明,质量安全处
生态城区学校建设工程三期,UC20250134,文化建设集团,市文化和旅游局,17959.8,2103.57,2024-11-13,中央预算内投资,梁文博,招投标管理处
开发区地铁建设工程二期,UC20250031,交通建设发展集团,市规划和自然资源局,16679.2,4439.1,2024-07-11,中央预算内投资,张建华,规划设计处
科技园区桥梁建设工程一期,UC20250032,交通建设发展集团,市体育局,1904.37,939.77,2023-11-25,专项债券,钱国强,综合管理处
经济技术开发区商业综合体建设一期,UC20250055,水务建设集团公司,市体育局,11577.32,3392.77,2025-03-12,土地出让金,高建国,招投标管理处
开发区学校建设工程四期,UC20250118,水务建设集团公司,市体育局,8515.16,733.22,2023-04-16,中央综合财力,曹建军,质量安全处
开发区排水管网工程三期,UC20250059,园林绿化建设集团,市规划和自然资源局,10416.65,1117.46,2023-12-06,省级补助,李明强,工程建设处
山区污水处理厂建设四期,UC20250054,基础设施建设公司,市教育局,3819.6,1496.78,2023-11-08,省级补助,邓文华,投资建设处
工业园区医院建设工程三期,UC20250103,城市投资建设集团,市发展和改革委员会,18777.54,6913.82,2024-11-06,土地出让金,曹建军,项目管理处
南城区医院建设工程五期,UC20250001,文化建设集团,市城市管理局,13153.33,6521.68,2023-07-06,土地出让金,张建华,项目管理处
新区博物馆建设三期,UC20250017,市政建设集团有限公司,市体育局,14150.93,2941.34,2025-04-01,中央预算内投资,彭志明,综合管理处
滨海新区图书馆建设三期,UC20250159,基础设施建设公司,市生态环境局,15176.03,4186.86,2024-04-17,中央补助,郭建华,规划设计处
生态城区广场建设工程五期,UC20250149,住房建设集团,市体育局,5797.62,886.16,2023-09-21,中央综合财力,李明强,审计监察处
东城区垃圾处理中心建设二期,UC20250176,公共设施建设集团,市生态环境局,16258.53,1065.54,2024-06-21,土地出让金,张建华,招投标管理处
生态城区体育中心建设一期,UC20250007,基础设施建设公司,市教育局,5263.45,820.25,2024-02-14,土地出让金,马建设,综合管理处
新区博物馆建设三期,UC20250017,市政建设集团有限公司,市体育局,14150.93,722.17,2024-08-12,专项债券,王志远,资金管理处
经济技术开发区广场建设工程二期,UC20250076,住房建设集团,市体育局,19718.38,2996.87,2024-02-21,中央补助,张建华,规划设计处
高新区住宅小区建设三期,UC20250146,城市投资建设集团,市生态环境局,3426.51,560.14,2024-10-10,中央预算内投资,彭志明,项目管理处
新区商业综合体建设二期,UC20250128,水务建设集团公司,市规划和自然资源局,18647.72,4431.58,2024-01-01,省级补助,徐文军,综合管理处
南城区学校建设工程五期,UC20250057,教育建设投资公司,市卫生健康委员会,12854.33,2228.2,2024-01-02,中央综合财力,何志远,招投标管理处
新区住宅小区建设二期,UC20250112,医疗建设发展公司,市文化和旅游局,4157.74,2037.68,2023-11-01,中央补助,吴德华,项目管理处
生态城区广场建设工程五期,UC20250149,住房建设集团,市体育局,5797.62,2835.24,2024-05-19,土地出让金,林志强,项目管理处
工业园区道路建设工程四期,UC20250091,公共设施建设集团,市园林绿化局,3587.95,1663.93,2024-03-14,中央预算内投资,林志强,综合管理处
开发区文化中心建设三期,UC20250019,环保建设投资公司,市园林绿化局,3472.43,1233.95,2024-12-20,省级补助,张建华,审计监察处
开发区供水管网工程三期,UC20250162,交通建设发展集团,市卫生健康委员会,1008.09,148.91,2024-05-13,一般债券,郭建华,投资建设处
经济技术开发区文化中心建设二期,UC20250052,住房建设集团,市交通运输局,3674.35,936.21,2024-09-20,中央预算内投资,李明强,审计监察处
东城区排水管网工程三期,UC20250179,文化建设集团,市交通运输局,18545.15,3073.49,2023-09-14,省级补助,朱建平,计划财务处
高新区隧道建设工程三期,UC20250135,教育建设投资公司,市城市管理局,7656.32,1839.03,2023-06-22,中央补助,梁文博,招投标管理处
经济技术开发区停车场建设四期,UC20250081,公共设施建设集团,市城市管理局,11579.71,5720.09,2024-06-21,中央补助,杨文华,招投标管理处
科技园区隧道建设工程四期,UC20250167,公共设施建设集团,市文化和旅游局,3628.24,1686.03,2024-07-19,土地出让金,彭志明,投资建设处
新区公园绿化工程一期,UC20250153,基础设施建设公司,市交通运输局,6219.38,2095.63,2024-12-10,中央预算内投资,陈志刚,资金管理处
西城区停车场建设五期,UC20250198,市政建设集团有限公司,市水利局,6036.55,2476.59,2023-11-28,中央综合财力,徐文军,审计监察处
新区商业综合体建设二期,UC20250128,水务建设集团公司,市规划和自然资源局,18647.72,8825.53,2023-11-20,中央综合财力,张建华,招投标管理处
科技园区道路建设工程一期,UC20250065,医疗建设发展公司,市规划和自然资源局,1011.49,254.6,2025-02-03,中央综合财力,王志远,项目管理处
经济技术开发区停车场建设一期,UC20250172,基础设施建设公司,市住房和城乡建设局,10388.38,4680.02,2024-09-21,土地出让金,张建华,投资建设处
经济技术开发区停车场建设一期,UC20250172,基础设施建设公司,市住房和城乡建设局,10388.38,4735.35,2023-12-13,中央补助,刘建国,综合管理处
西城区停车场建设五期,UC20250192,基础设施建设公司,市体育局,6013.08,2976.14,2023-12-26,专项债券,马建设,综合管理处
开发区体育中心建设一期,UC20250108,园林绿化建设集团,市城市管理局,1473.65,340.64,2024-01-02,中央综合财力,李明强,计划财务处
经济技术开发区道路建设工程四期,UC20250129,教育建设投资公司,市文化和旅游局,2750.84,422.92,2024-02-03,省级补助,杨文华,质量安全处
开发区学校建设工程四期,UC20250118,水务建设集团公司,市体育局,8515.16,2459.66,2023-12-29,中央预算内投资,李明强,规划设计处
西城区隧道建设工程二期,UC20250085,环保建设投资公司,市水利局,16589.72,1583.52,2024-01-19,中央补助,孙海涛,审计监察处
新区排水管网工程一期,UC20250122,基础设施建设公司,市城市管理局,1645.86,630.73,2024-02-20,专项债券,钱国强,规划设计处
西城区桥梁建设工程二期,UC20250008,公共设施建设集团,市住房和城乡建设局,9513.51,2488.78,2023-02-16,中央补助,林志强,投资建设处
生态城区学校建设工程三期,UC20250009,园林绿化建设集团,市规划和自然资源局,12468.79,4427.39,2024-10-17,中央预算内投资,邓文华,审计监察处
经济技术开发区体育中心建设二期,UC20250169,医疗建设发展公司,市体育局,8178.7,3163.53,2024-03-14,中央补助,黄志明,项目管理处
经济技术开发区文化中心建设二期,UC20250052,住房建设集团,市交通运输局,3674.35,1064.1,2024-09-28,土地出让金,邓文华,规划设计处
新区商业综合体建设三期,UC20250068,教育建设投资公司,市教育局,15761.66,2291.52,2023-11-18,中央补助,朱建平,规划设计处
滨海新区商业综合体建设三期,UC20250140,住房建设集团,市生态环境局,15413.4,6488.0,2023-03-30,专项债券,马建设,投资建设处
山区住宅小区建设二期,UC20250048,教育建设投资公司,市园林绿化局,16282.43,5000.43,2024-01-03,土地出让金,徐文军,工程建设处
开发区体育中心建设一期,UC20250108,园林绿化建设集团,市城市管理局,1473.65,629.85,2024-02-28,土地出让金,高建国,审计监察处
科技园区隧道建设工程三期,UC20250038,园林绿化建设集团,市生态环境局,18476.73,5282.34,2024-07-07,省级补助,李明强,计划财务处
工业园区体育中心建设四期,UC20250018,文化建设集团,市生态环境局,9233.4,3363.57,2023-06-26,一般债券,黄志明,项目管理处
经济技术开发区广场建设工程二期,UC20250076,住房建设集团,市体育局,19718.38,7496.2,2023-12-19,土地出让金,高建国,资金管理处
科技园区商业综合体建设二期,UC20250150,环保建设投资公司,市水利局,11194.94,3499.31,2023-07-29,一般债券,彭志明,招投标管理处
东城区排水管网工程三期,UC20250179,文化建设集团,市交通运输局,18545.15,4875.67,2024-01-21,中央预算内投资,邓文华,工程建设处
生态城区桥梁建设工程二期,UC20250095,医疗建设发展公司,市教育局,6305.58,3059.59,2024-02-29,中央预算内投资,徐文军,资金管理处
高新区停车场建设三期,UC20250026,环保建设投资公司,市城市管理局,19806.41,3551.61,2025-06-09,中央预算内投资,张建华,招投标管理处
南城区公交站台建设四期,UC20250046,环保建设投资公司,市文化和旅游局,5870.42,319.11,2024-10-07,中央补助,陈志刚,招投标管理处
经济技术开发区医院建设工程五期,UC20250173,基础设施建设公司,市卫生健康委员会,12952.5,1981.6,2025-01-22,中央预算内投资,赵文博,质量安全处
开发区广场建设工程三期,UC20250051,环保建设投资公司,市规划和自然资源局,15130.96,2153.01,2024-08-08,中央补助,张建华,项目管理处
新区住宅小区建设二期,UC20250112,医疗建设发展公司,市文化和旅游局,4157.74,709.04,2024-03-19,中央补助,徐文军,资金管理处
滨海新区住宅小区建设二期,UC20250002,文化建设集团,市发展和改革委员会,15577.7,1799.86,2024-09-24,中央综合财力,马建设,计划财务处
新区桥梁建设工程四期,UC20250066,环保建设投资公司,市生态环境局,9379.49,3130.96,2024-02-17,中央综合财力,钱国强,质量安全处
生态城区学校建设工程三期,UC20250009,园林绿化建设集团,市规划和自然资源局,12468.79,5399.98,2024-04-20,中央补助,黄志明,工程建设处
高新区住宅小区建设一期,UC20250124,医疗建设发展公司,市体育局,7647.73,1120.12,2023-03-21,省级补助,王志远,工程建设处
高新区道路建设工程一期,UC20250044,水务建设集团公司,市交通运输局,4605.77,610.32,2023-07-04,中央综合财力,林志强,项目管理处
开发区学校建设工程四期,UC20250118,水务建设集团公司,市体育局,8515.16,1854.91,2023-09-17,中央综合财力,马建设,招投标管理处
科技园区医院建设工程一期,UC20250045,文化建设集团,市生态环境局,6084.2,901.37,2023-04-04,中央综合财力,梁文博,资金管理处
北城区污水处理厂建设五期,UC20250087,医疗建设发展公司,市发展和改革委员会,2611.61,819.65,2025-04-30,中央综合财力,马建设,招投标管理处
开发区广场建设工程三期,UC20250051,环保建设投资公司,市规划和自然资源局,15130.96,6339.91,2024-07-19,中央预算内投资,赵文博,审计监察处
山区污水处理厂建设四期,UC20250005,公共设施建设集团,市文化和旅游局,17553.7,3956.66,2023-12-20,土地出让金,邓文华,综合管理处
新区广场建设工程五期,UC20250094,住房建设集团,市规划和自然资源局,9339.82,639.79,2024-10-27,土地出让金,黄志明,项目管理处
高新区桥梁建设工程四期,UC20250161,住房建设集团,市卫生健康委员会,3537.44,1147.87,2024-03-14,省级补助,孙海涛,工程建设处
高新区排水管网工程四期,UC20250025,市政建设集团有限公司,市城市管理局,17683.31,1345.96,2023-12-23,中央预算内投资,徐文军,投资建设处
滨海新区商业综合体建设三期,UC20250140,住房建设集团,市生态环境局,15413.4,4534.99,2023-06-06,土地出让金,韩志刚,审计监察处
新区污水处理厂建设三期,UC20250160,环保建设投资公司,市城市管理局,19573.5,6255.07,2024-12-11,一般债券,邓文华,质量安全处
开发区学校建设工程四期,UC20250118,水务建设集团公司,市体育局,8515.16,1254.39,2023-04-09,专项债券,朱建平,综合管理处
西城区桥梁建设工程一期,UC20250154,文化建设集团,市文化和旅游局,9844.53,2021.34,2024-03-29,中央综合财力,朱建平,综合管理处
开发区公园绿化工程五期,UC20250039,住房建设集团,市规划和自然资源局,11375.17,1913.7,2023-09-29,土地出让金,邓文华,资金管理处
西城区桥梁建设工程一期,UC20250154,文化建设集团,市文化和旅游局,9844.53,4371.39,2023-09-04,土地出让金,梁文博,招投标管理处
南城区停车场建设一期,UC20250147,基础设施建设公司,市规划和自然资源局,12450.51,5375.54,2024-01-02,一般债券,邓文华,项目管理处
中心区道路建设工程一期,UC20250040,水务建设集团公司,市教育局,1376.1,415.97,2023-10-04,中央补助,王志远,综合管理处
生态城区博物馆建设四期,UC20250053,基础设施建设公司,市城市管理局,6660.62,2667.23,2024-08-25,专项债券,高建国,项目管理处
生态城区公交站台建设一期,UC20250156,城市投资建设集团,市卫生健康委员会,19120.9,5517.64,2025-02-09,中央预算内投资,朱建平,计划财务处
高新区桥梁建设工程四期,UC20250161,住房建设集团,市卫生健康委员会,3537.44,1712.43,2024-01-11,中央预算内投资,赵文博,工程建设处
生态城区医院建设工程一期,UC20250012,公共设施建设集团,市体育局,12670.16,4565.36,2024-09-04,中央预算内投资,梁文博,计划财务处
北城区博物馆建设一期,UC20250092,环保建设投资公司,市城市管理局,14721.72,1343.39,2023-04-27,中央综合财力,孙海涛,计划财务处
科技园区公园绿化工程一期,UC20250148,文化建设集团,市生态环境局,4114.42,255.17,2024-06-05,一般债券,吴德华,投资建设处
生态城区公交站台建设三期,UC20250120,城市投资建设集团,市生态环境局,641.27,111.94,2023-08-15,中央预算内投资,刘建国,工程建设处
经济技术开发区体育中心建设二期,UC20250169,医疗建设发展公司,市体育局,8178.7,811.8,2024-05-02,中央综合财力,陈志刚,计划财务处
开发区供水管网工程三期,UC20250162,交通建设发展集团,市卫生健康委员会,1008.09,248.05,2024-08-31,土地出让金,钱国强,规划设计处
经济技术开发区排水管网工程五期,UC20250117,公共设施建设集团,市城市管理局,1330.59,574.07,2024-11-29,一般债券,黄志明,资金管理处
北城区供水管网工程四期,UC20250145,公共设施建设集团,市生态环境局,9104.05,3590.16,2024-10-16,省级补助,赵文博,质量安全处
滨海新区供水管网工程一期,UC20250083,交通建设发展集团,市生态环境局,18496.91,3249.04,2023-02-24,专项债券,杨文华,投资建设处
生态城区博物馆建设四期,UC20250053,基础设施建设公司,市城市管理局,6660.62,1850.96,2024-11-05,中央补助,高建国,质量安全处
生态城区学校建设工程三期,UC20250009,园林绿化建设集团,市规划和自然资源局,12468.79,1573.36,2024-09-06,中央补助,刘建国,审计监察处
开发区广场建设工程三期,UC20250051,环保建设投资公司,市规划和自然资源局,15130.96,2940.53,2024-12-19,专项债券,张建华,项目管理处
经济技术开发区广场建设工程二期,UC20250076,住房建设集团,市体育局,19718.38,8517.75,2024-02-14,专项债券,杨文华,招投标管理处
经济技术开发区医院建设工程五期,UC20250173,基础设施建设公司,市卫生健康委员会,12952.5,5764.93,2025-02-23,土地出让金,郭建华,质量安全处
滨海新区污水处理厂建设五期,UC20250086,文化建设集团,市卫生健康委员会,12672.36,1556.37,2024-09-19,中央综合财力,黄志明,审计监察处
滨海新区供水管网工程一期,UC20250083,交通建设发展集团,市生态环境局,18496.91,7013.6,2024-01-02,中央预算内投资,孙海涛,投资建设处
开发区商业综合体建设二期,UC20250061,医疗建设发展公司,市体育局,11827.18,4359.85,2024-09-27,一般债券,高建国,资金管理处
东城区学校建设工程四期,UC20250088,水务建设集团公司,市规划和自然资源局,9824.61,4611.46,2024-01-26,中央综合财力,郭建华,项目管理处
开发区学校建设工程一期,UC20250137,园林绿化建设集团,市文化和旅游局,14850.1,4600.3,2024-03-15,中央综合财力,韩志刚,资金管理处
科技园区桥梁建设工程一期,UC20250072,公共设施建设集团,市生态环境局,3031.25,787.15,2024-03-18,专项债券,赵文博,计划财务处
山区排水管网工程五期,UC20250034,住房建设集团,市城市管理局,18905.57,9273.92,2024-10-17,土地出让金,李明强,资金管理处
东城区供水管网工程五期,UC20250071,住房建设集团,市交通运输局,2449.48,1196.67,2023-09-17,一般债券,徐文军,工程建设处
工业园区供水管网工程一期,UC20250029,基础设施建设公司,市城市管理局,13026.24,3643.63,2024-07-27,中央综合财力,钱国强,规划设计处
科技园区道路建设工程一期,UC20250065,医疗建设发展公司,市规划和自然资源局,1011.49,213.54,2024-07-23,中央综合财力,张建华,质量安全处
生态城区广场建设工程五期,UC20250149,住房建设集团,市体育局,5797.62,2525.67,2023-11-08,专项债券,李明强,工程建设处
高新区隧道建设工程三期,UC20250135,教育建设投资公司,市城市管理局,7656.32,879.54,2023-03-15,土地出让金,杨文华,招投标管理处
新区商业综合体建设二期,UC20250128,水务建设集团公司,市规划和自然资源局,18647.72,6486.04,2023-08-20,一般债券,黄志明,计划财务处
经济技术开发区体育中心建设二期,UC20250169,医疗建设发展公司,市体育局,8178.7,2767.82,2024-05-25,中央预算内投资,钱国强,计划财务处
东城区广场建设工程二期,UC20250013,水务建设集团公司,市文化和旅游局,7687.92,569.59,2024-06-29,省级补助,杨文华,投资建设处
经济技术开发区商业综合体建设二期,UC20250155,环保建设投资公司,市水利局,11052.38,3776.22,2023-12-18,中央综合财力,曹建军,计划财务处
科技园区图书馆建设二期,UC20250143,公共设施建设集团,市文化和旅游局,2076.68,189.96,2024-02-19,专项债券,陈志刚,投资建设处
科技园区供水管网工程一期,UC20250170,交通建设发展集团,市生态环境局,13000.65,983.85,2024-03-08,省级补助,马建设,审计监察处
西城区图书馆建设四期,UC20250060,市政建设集团有限公司,市水利局,9782.2,1672.64,2023-09-18,中央综合财力,周建军,资金管理处
南城区停车场建设一期,UC20250147,基础设施建设公司,市规划和自然资源局,12450.51,3377.72,2024-04-11,省级补助,黄志明,招投标管理处
新区桥梁建设工程三期,UC20250138,教育建设投资公司,市城市管理局,16224.31,6764.52,2023-09-18,土地出让金,彭志明,项目管理处
东城区文化中心建设三期,UC20250163,园林绿化建设集团,市水利局,18260.6,2386.45,2024-06-01,一般债券,韩志刚,规划设计处
东城区隧道建设工程二期,UC20250190,教育建设投资公司,市教育局,15294.75,886.56,2024-02-11,专项债券,孙海涛,计划财务处
北城区供水管网工程四期,UC20250145,公共设施建设集团,市生态环境局,9104.05,4390.75,2024-10-11,一般债券,徐文军,综合管理处
新区公园绿化工程一期,UC20250153,基础设施建设公司,市交通运输局,6219.38,2534.35,2024-10-04,土地出让金,梁文博,综合管理处
山区博物馆建设三期,UC20250082,医疗建设发展公司,市水利局,9010.59,2850.18,2023-04-19,中央综合财力,朱建平,资金管理处
生态城区学校建设工程一期,UC20250127,园林绿化建设集团,市教育局,5903.98,2750.7,2023-08-08,一般债券,钱国强,项目管理处
北城区停车场建设五期,UC20250189,医疗建设发展公司,市城市管理局,6341.98,2432.38,2024-08-19,专项债券,何志远,审计监察处
生态城区医院建设工程一期,UC20250012,公共设施建设集团,市体育局,12670.16,3841.93,2024-08-07,省级补助,吴德华,审计监察处
科技园区公园绿化工程四期,UC20250075,住房建设集团,市城市管理局,10804.52,2320.93,2024-03-14,中央预算内投资,梁文博,招投标管理处
科技园区图书馆建设二期,UC20250143,公共设施建设集团,市文化和旅游局,2076.68,226.92,2024-07-14,一般债券,郭建华,投资建设处
开发区广场建设工程三期,UC20250051,环保建设投资公司,市规划和自然资源局,15130.96,5060.0,2024-01-27,中央综合财力,杨文华,计划财务处
工业园区图书馆建设四期,UC20250035,文化建设集团,市水利局,19566.13,7375.29,2024-05-09,中央综合财力,曹建军,工程建设处
南城区公交站台建设四期,UC20250046,环保建设投资公司,市文化和旅游局,5870.42,1918.61,2025-04-06,中央预算内投资,周建军,规划设计处
开发区地铁建设工程二期,UC20250031,交通建设发展集团,市规划和自然资源局,16679.2,6207.44,2024-11-02,中央预算内投资,李明强,工程建设处
工业园区道路建设工程一期,UC20250164,文化建设集团,市园林绿化局,15239.68,4004.27,2023-11-10,省级补助,钱国强,项目管理处
开发区排水管网工程五期,UC20250115,住房建设集团,市生态环境局,4923.67,1090.0,2024-03-16,专项债券,杨文华,审计监察处
经济技术开发区体育中心建设二期,UC20250169,医疗建设发展公司,市体育局,8178.7,2204.7,2024-05-16,中央综合财力,彭志明,综合管理处
中心区体育中心建设五期,UC20250180,园林绿化建设集团,市教育局,7232.0,3209.74,2024-06-22,土地出让金,吴德华,项目管理处
开发区广场建设工程三期,UC20250051,环保建设投资公司,市规划和自然资源局,15130.96,1087.59,2024-12-01,中央预算内投资,何志远,资金管理处
滨海新区医院建设工程五期,UC20250011,基础设施建设公司,市发展和改革委员会,15502.96,4692.34,2024-12-13,中央预算内投资,梁文博,综合管理处
新区公园绿化工程一期,UC20250153,基础设施建设公司,市交通运输局,6219.38,1101.02,2024-01-29,中央补助,徐文军,投资建设处
中心区污水处理厂建设五期,UC20250063,教育建设投资公司,市城市管理局,10237.66,4008.13,2023-11-04,中央综合财力,韩志刚,投资建设处
科技园区桥梁建设工程一期,UC20250072,公共设施建设集团,市生态环境局,3031.25,799.52,2023-10-17,省级补助,陈志刚,规划设计处
开发区学校建设工程一期,UC20250137,园林绿化建设集团,市文化和旅游局,14850.1,6118.13,2024-07-23,专项债券,黄志明,工程建设处
中心区道路建设工程一期,UC20250040,水务建设集团公司,市教育局,1376.1,647.82,2024-02-05,中央综合财力,王志远,计划财务处
经济技术开发区桥梁建设工程四期,UC20250024,交通建设发展集团,市体育局,19706.26,7089.36,2024-11-04,专项债券,赵文博,计划财务处
生态城区学校建设工程三期,UC20250009,园林绿化建设集团,市规划和自然资源局,12468.79,4966.25,2024-11-16,土地出让金,黄志明,资金管理处
科技园区供水管网工程一期,UC20250170,交通建设发展集团,市生态环境局,13000.65,1281.46,2024-05-05,一般债券,刘建国,综合管理处
新区排水管网工程一期,UC20250122,基础设施建设公司,市城市管理局,1645.86,509.81,2023-10-06,省级补助,王志远,质量安全处
山区停车场建设一期,UC20250090,城市投资建设集团,市城市管理局,2258.13,987.39,2024-09-26,一般债券,韩志刚,规划设计处
山区排水管网工程五期,UC20250069,园林绿化建设集团,市卫生健康委员会,15997.2,6012.53,2025-04-17,省级补助,孙海涛,质量安全处
滨海新区排水管网工程一期,UC20250139,城市投资建设集团,市文化和旅游局,1824.32,447.6,2024-03-29,中央综合财力,林志强,工程建设处
滨海新区地铁建设工程二期,UC20250196,文化建设集团,市教育局,8949.93,3081.22,2024-02-23,专项债券,彭志明,投资建设处
中心区隧道建设工程一期,UC20250079,交通建设发展集团,市卫生健康委员会,14986.31,3036.12,2023-11-10,专项债券,林志强,计划财务处
工业园区公园绿化工程五期,UC20250106,基础设施建设公司,市发展和改革委员会,14618.25,4744.0,2023-10-21,土地出让金,杨文华,招投标管理处
工业园区医院建设工程三期,UC20250103,城市投资建设集团,市发展和改革委员会,18777.54,9360.07,2024-12-10,省级补助,陈志刚,规划设计处
生态城区公交站台建设三期,UC20250120,城市投资建设集团,市生态环境局,641.27,121.69,2024-02-26,土地出让金,彭志明,资金管理处
东城区住宅小区建设二期,UC20250109,教育建设投资公司,市生态环境局,19187.36,3661.78,2023-12-21,一般债券,林志强,规划设计处
新区公园绿化工程一期,UC20250153,基础设施建设公司,市交通运输局,6219.38,2552.84,2025-01-07,一般债券,梁文博,招投标管理处
南城区供水管网工程四期,UC20250027,城市投资建设集团,市规划和自然资源局,15862.12,6437.88,2024-11-19,土地出让金,吴德华,审计监察处
开发区商业综合体建设二期,UC20250061,医疗建设发展公司,市体育局,11827.18,3958.58,2023-12-18,专项债券,孙海涛,规划设计处
生态城区学校建设工程一期,UC20250089,水务建设集团公司,市卫生健康委员会,17662.58,2595.7,2024-10-15,中央预算内投资,王志远,项目管理处
西城区广场建设工程二期,UC20250116,教育建设投资公司,市交通运输局,10935.63,4909.14,2024-04-17,一般债券,张建华,投资建设处
北城区供水管网工程五期,UC20250141,公共设施建设集团,市城市管理局,1740.98,329.62,2023-07-13,土地出让金,马建设,招投标管理处
科技园区公园绿化工程一期,UC20250148,文化建设集团,市生态环境局,4114.42,1124.8,2023-09-27,中央补助,林志强,计划财务处
西城区停车场建设五期,UC20250198,市政建设集团有限公司,市水利局,6036.55,3013.96,2023-10-10,省级补助,高建国,综合管理处
东城区地铁建设工程五期,UC20250056,医疗建设发展公司,市生态环境局,8423.38,3614.47,2023-02-24,中央补助,韩志刚,计划财务处
南城区供水管网工程四期,UC20250027,城市投资建设集团,市规划和自然资源局,15862.12,4501.14,2025-01-19,中央补助,陈志刚,投资建设处
东城区商业综合体建设三期,UC20250050,环保建设投资公司,市卫生健康委员会,16191.13,4781.72,2023-06-22,一般债券,曹建军,工程建设处
开发区文化中心建设五期,UC20250187,环保建设投资公司,市教育局,14932.63,781.98,2024-08-09,中央综合财力,郭建华,工程建设处
新区停车场建设三期,UC20250199,园林绿化建设集团,市园林绿化局,12077.06,3207.61,2023-11-08,中央补助,徐文军,招投标管理处
工业园区文化中心建设一期,UC20250096,园林绿化建设集团,市规划和自然资源局,19627.56,2582.8,2023-08-14,专项债券,林志强,综合管理处
南城区学校建设工程一期,UC20250111,交通建设发展集团,市规划和自然资源局,14688.91,5525.66,2023-06-29,中央补助,马建设,规划设计处
生态城区学校建设工程三期,UC20250009,园林绿化建设集团,市规划和自然资源局,12468.79,2479.33,2024-08-21,一般债券,孙海涛,计划财务处
新区排水管网工程一期,UC20250122,基础设施建设公司,市城市管理局,1645.86,234.79,2024-04-09,中央综合财力,高建国,审计监察处
工业园区供水管网工程一期,UC20250029,基础设施建设公司,市城市管理局,13026.24,2728.47,2025-01-10,中央预算内投资,刘建国,资金管理处
高新区停车场建设三期,UC20250026,环保建设投资公司,市城市管理局,19806.41,8987.03,2025-02-09,专项债券,林志强,审计监察处
滨海新区图书馆建设三期,UC20250159,基础设施建设公司,市生态环境局,15176.03,3849.33,2023-11-28,中央预算内投资,赵文博,综合管理处
工业园区文化中心建设五期,UC20250062,市政建设集团有限公司,市卫生健康委员会,4909.01,1876.08,2023-10-24,中央综合财力,高建国,质量安全处
新区桥梁建设工程三期,UC20250138,教育建设投资公司,市城市管理局,16224.31,5820.28,2023-07-05,省级补助,朱建平,资金管理处
南城区停车场建设二期,UC20250101,教育建设投资公司,市规划和自然资源局,6826.43,2945.33,2025-01-11,土地出让金,郭建华,质量安全处
科技园区文化中心建设一期,UC20250022,园林绿化建设集团,市城市管理局,17899.28,8814.99,2024-01-05,省级补助,刘建国,规划设计处
新区广场建设工程二期,UC20250186,园林绿化建设集团,市卫生健康委员会,11009.55,1563.66,2023-08-04,土地出让金,刘建国,审计监察处
工业园区道路建设工程四期,UC20250091,公共设施建设集团,市园林绿化局,3587.95,448.81,2024-06-23,专项债券,周建军,招投标管理处
工业园区公园绿化工程五期,UC20250106,基础设施建设公司,市发展和改革委员会,14618.25,5198.21,2023-10-30,土地出让金,孙海涛,综合管理处
科技园区图书馆建设二期,UC20250143,公共设施建设集团,市文化和旅游局,2076.68,632.0,2024-06-01,中央综合财力,高建国,资金管理处
高新区商业综合体建设一期,UC20250195,教育建设投资公司,市发展和改革委员会,7066.19,960.27,2025-01-17,一般债券,朱建平,综合管理处
滨海新区桥梁建设工程三期,UC20250105,城市投资建设集团,市体育局,9406.77,3347.28,2024-04-11,省级补助,马建设,计划财务处
中心区道路建设工程一期,UC20250040,水务建设集团公司,市教育局,1376.1,122.23,2023-09-02,一般债券,何志远,资金管理处
中心区学校建设工程四期,UC20250033,基础设施建设公司,市园林绿化局,7209.01,374.2,2024-03-21,中央补助,何志远,招投标管理处
新区排水管网工程一期,UC20250122,基础设施建设公司,市城市管理局,1645.86,360.66,2024-06-18,省级补助,梁文博,质量安全处
科技园区文化中心建设一期,UC20250022,园林绿化建设集团,市城市管理局,17899.28,4266.3,2024-01-20,中央补助,高建国,综合管理处
南城区排水管网工程四期,UC20250004,公共设施建设集团,市体育局,1197.02,202.81,2024-06-22,中央综合财力,梁文博,资金管理处
开发区排水管网工程五期,UC20250115,住房建设集团,市生态环境局,4923.67,1008.26,2023-08-25,专项债券,刘建国,工程建设处
滨海新区图书馆建设三期,UC20250159,基础设施建设公司,市生态环境局,15176.03,5092.25,2024-03-31,省级补助,何志远,投资建设处
新区住宅小区建设二期,UC20250112,医疗建设发展公司,市文化和旅游局,4157.74,1614.91,2023-09-17,中央综合财力,黄志明,计划财务处
东城区供水管网工程五期,UC20250131,市政建设集团有限公司,市交通运输局,1223.31,343.94,2023-10-30,土地出让金,杨文华,资金管理处
经济技术开发区文化中心建设二期,UC20250052,住房建设集团,市交通运输局,3674.35,575.88,2024-07-01,一般债券,郭建华,综合管理处
工业园区文化中心建设一期,UC20250096,园林绿化建设集团,市规划和自然资源局,19627.56,4414.84,2023-10-10,中央补助,高建国,招投标管理处
山区供水管网工程四期,UC20250104,环保建设投资公司,市住房和城乡建设局,13797.14,3341.22,2023-12-05,省级补助,张建华,招投标管理处
经济技术开发区停车场建设四期,UC20250081,公共设施建设集团,市城市管理局,11579.71,3413.28,2024-01-29,土地出让金,钱国强,资金管理处
经济技术开发区停车场建设四期,UC20250081,公共设施建设集团,市城市管理局,11579.71,2126.16,2024-03-16,中央综合财力,高建国,质量安全处
经济技术开发区博物馆建设二期,UC20250194,文化建设集团,市体育局,10431.5,1316.9,2023-05-07,一般债券,梁文博,综合管理处
西城区广场建设工程二期,UC20250116,教育建设投资公司,市交通运输局,10935.63,4908.63,2023-05-29,土地出让金,徐文军,综合管理处
工业园区道路建设工程一期,UC20250164,文化建设集团,市园林绿化局,15239.68,3483.06,2023-12-08,中央补助,赵文博,招投标管理处
东城区隧道建设工程五期,UC20250006,基础设施建设公司,市交通运输局,12966.97,6139.17,2024-09-11,中央综合财力,梁文博,项目管理处
经济技术开发区商业综合体建设一期,UC20250055,水务建设集团公司,市体育局,11577.32,3608.65,2024-07-29,一般债券,杨文华,规划设计处
西城区商业综合体建设一期,UC20250037,环保建设投资公司,市交通运输局,502.58,242.71,2023-12-29,省级补助,马建设,计划财务处
开发区公交站台建设五期,UC20250123,医疗建设发展公司,市水利局,12350.63,2700.04,2025-04-23,土地出让金,陈志刚,工程建设处
东城区学校建设工程四期,UC20250088,水务建设集团公司,市规划和自然资源局,9824.61,4454.87,2023-08-24,中央补助,彭志明,项目管理处
生态城区体育中心建设一期,UC20250007,基础设施建设公司,市教育局,5263.45,2409.87,2023-10-24,省级补助,邓文华,综合管理处
新区排水管网工程一期,UC20250122,基础设施建设公司,市城市管理局,1645.86,473.03,2023-11-30,一般债券,何志远,招投标管理处
东城区道路建设工程二期,UC20250174,公共设施建设集团,市文化和旅游局,5313.94,991.45,2024-02-06,一般债券,彭志明,质量安全处
开发区供水管网工程三期,UC20250162,交通建设发展集团,市卫生健康委员会,1008.09,400.0,2024-12-22,专项债券,吴德华,项目管理处
生态城区学校建设工程一期,UC20250089,水务建设集团公司,市卫生健康委员会,17662.58,5293.65,2024-12-21,省级补助,赵文博,项目管理处
新区住宅小区建设二期,UC20250112,医疗建设发展公司,市文化和旅游局,4157.74,736.66,2023-07-04,省级补助,赵文博,工程建设处
高新区停车场建设三期,UC20250026,环保建设投资公司,市城市管理局,19806.41,3078.21,2024-12-16,专项债券,杨文华,质量安全处
开发区体育中心建设一期,UC20250108,园林绿化建设集团,市城市管理局,1473.65,146.37,2024-07-23,土地出让金,李明强,投资建设处
山区公园绿化工程五期,UC20250077,园林绿化建设集团,市交通运输局,9711.83,633.36,2024-01-09,省级补助,杨文华,投资建设处
北城区商业综合体建设五期,UC20250042,教育建设投资公司,市交通运输局,19744.93,5117.15,2024-02-19,一般债券,黄志明,招投标管理处
山区博物馆建设三期,UC20250082,医疗建设发展公司,市水利局,9010.59,2135.32,2023-08-17,中央预算内投资,郭建华,综合管理处
工业园区供水管网工程一期,UC20250029,基础设施建设公司,市城市管理局,13026.24,5048.5,2024-08-24,专项债券,陈志刚,投资建设处
高新区住宅小区建设三期,UC20250146,城市投资建设集团,市生态环境局,3426.51,1566.68,2025-01-09,省级补助,杨文华,工程建设处
生态城区公交站台建设一期,UC20250156,城市投资建设集团,市卫生健康委员会,19120.9,5035.63,2024-11-29,专项债券,梁文博,审计监察处
经济技术开发区体育中心建设二期,UC20250169,医疗建设发展公司,市体育局,8178.7,3218.28,2024-05-02,中央补助,周建军,规划设计处
新区排水管网工程四期,UC20250168,医疗建设发展公司,市发展和改革委员会,4403.09,738.61,2025-01-22,中央综合财力,韩志刚,质量安全处
南城区停车场建设二期,UC20250101,教育建设投资公司,市规划和自然资源局,6826.43,1367.2,2024-11-20,专项债券,周建军,资金管理处
新区停车场建设五期,UC20250084,基础设施建设公司,市规划和自然资源局,12808.92,5614.05,2024-01-19,一般债券,梁文博,审计监察处
科技园区隧道建设工程四期,UC20250167,公共设施建设集团,市文化和旅游局,3628.24,1288.05,2024-08-13,土地出让金,周建军,综合管理处
东城区商业综合体建设三期,UC20250050,环保建设投资公司,市卫生健康委员会,16191.13,4443.11,2023-09-15,中央综合财力,徐文军,综合管理处
新区商业综合体建设三期,UC20250068,教育建设投资公司,市教育局,15761.66,4543.88,2023-05-08,中央综合财力,邓文华,规划设计处
新区文化中心建设三期,UC20250099,教育建设投资公司,市生态环境局,10879.91,3491.05,2023-10-02,一般债券,张建华,招投标管理处
经济技术开发区道路建设工程二期,UC20250098,交通建设发展集团,市园林绿化局,18768.27,1455.54,2023-10-10,中央预算内投资,黄志明,资金管理处
经济技术开发区博物馆建设四期,UC20250121,交通建设发展集团,市住房和城乡建设局,17087.64,4209.42,2023-08-28,中央补助,梁文博,投资建设处
西城区垃圾处理中心建设四期,UC20250132,园林绿化建设集团,市卫生健康委员会,1685.52,635.54,2023-09-22,专项债券,邓文华,审计监察处
科技园区桥梁建设工程一期,UC20250072,公共设施建设集团,市生态环境局,3031.25,658.03,2023-11-04,省级补助,黄志明,综合管理处
南城区排水管网工程四期,UC20250004,公共设施建设集团,市体育局,1197.02,161.48,2024-08-22,省级补助,郭建华,综合管理处
科技园区体育中心建设五期,UC20250165,文化建设集团,市卫生健康委员会,13601.03,5174.67,2024-06-23,土地出让金,赵文博,综合管理处
开发区体育中心建设一期,UC20250108,园林绿化建设集团,市城市管理局,1473.65,94.11,2024-04-26,专项债券,彭志明,招投标管理处
高新区隧道建设工程三期,UC20250135,教育建设投资公司,市城市管理局,7656.32,724.35,2023-09-09,一般债券,杨文华,资金管理处
新区图书馆建设三期,UC20250030,文化建设集团,市住房和城乡建设局,2777.61,144.37,2025-05-15,土地出让金,徐文军,计划财务处
滨海新区医院建设工程五期,UC20250011,基础设施建设公司,市发展和改革委员会,15502.96,1030.58,2024-12-25,中央综合财力,李明强,项目管理处
北城区文化中心建设一期,UC20250175,医疗建设发展公司,市教育局,13900.46,833.89,2023-10-21,中央综合财力,陈志刚,综合管理处
东城区住宅小区建设二期,UC20250109,教育建设投资公司,市生态环境局,19187.36,4711.2,2023-12-05,一般债券,黄志明,投资建设处
科技园区医院建设工程一期,UC20250045,文化建设集团,市生态环境局,6084.2,805.48,2023-08-19,省级补助,徐文军,招投标管理处
新区商业综合体建设三期,UC20250068,教育建设投资公司,市教育局,15761.66,6163.7,2023-03-13,中央补助,邓文华,工程建设处
高新区道路建设工程一期,UC20250044,水务建设集团公司,市交通运输局,4605.77,1933.13,2024-01-15,一般债券,徐文军,投资建设处
北城区文化中心建设一期,UC20250175,医疗建设发展公司,市教育局,13900.46,3175.94,2023-08-31,中央预算内投资,黄志明,项目管理处
开发区学校建设工程一期,UC20250137,园林绿化建设集团,市文化和旅游局,14850.1,4060.74,2024-12-02,专项债券,陈志刚,计划财务处
高新区供水管网工程五期,UC20250171,基础设施建设公司,市规划和自然资源局,12604.46,1118.03,2023-07-04,专项债券,周建军,综合管理处
东城区排水管网工程三期,UC20250020,水务建设集团公司,市发展和改革委员会,6587.12,813.53,2023-12-22,中央综合财力,周建军,工程建设处
生态城区广场建设工程三期,UC20250193,园林绿化建设集团,市园林绿化局,5187.63,1182.27,2023-09-29,土地出让金,马建设,资金管理处
高新区停车场建设三期,UC20250026,环保建设投资公司,市城市管理局,19806.41,3769.38,2024-09-15,一般债券,何志远,规划设计处
新区广场建设工程二期,UC20250186,园林绿化建设集团,市卫生健康委员会,11009.55,5241.83,2023-07-16,中央补助,高建国,综合管理处
东城区隧道建设工程二期,UC20250190,教育建设投资公司,市教育局,15294.75,7241.66,2024-09-01,中央综合财力,刘建国,审计监察处
新区供水管网工程四期,UC20250191,住房建设集团,市文化和旅游局,15400.22,2377.35,2024-05-24,土地出让金,马建设,工程建设处
工业园区体育中心建设四期,UC20250018,文化建设集团,市生态环境局,9233.4,1379.31,2024-02-07,省级补助,赵文博,资金管理处
山区住宅小区建设一期,UC20250010,公共设施建设集团,市教育局,15899.97,4516.42,2023-03-30,土地出让金,邓文华,综合管理处
山区停车场建设二期,UC20250093,教育建设投资公司,市城市管理局,9672.8,4057.17,2023-04-12,土地出让金,吴德华,质量安全处
生态城区停车场建设五期,UC20250130,园林绿化建设集团,市教育局,15361.45,5467.08,2024-01-02,一般债券,郭建华,招投标管理处
山区公园绿化工程五期,UC20250077,园林绿化建设集团,市交通运输局,9711.83,2217.98,2023-02-01,土地出让金,马建设,招投标管理处
山区排水管网工程五期,UC20250034,住房建设集团,市城市管理局,18905.57,4156.3,2024-11-08,省级补助,赵文博,投资建设处
北城区供水管网工程五期,UC20250141,公共设施建设集团,市城市管理局,1740.98,807.04,2023-07-02,中央预算内投资,王志远,综合管理处
中心区道路建设工程一期,UC20250040,水务建设集团公司,市教育局,1376.1,449.37,2023-05-19,土地出让金,张建华,规划设计处
开发区公园绿化工程五期,UC20250039,住房建设集团,市规划和自然资源局,11375.17,4026.45,2023-12-28,土地出让金,吴德华,质量安全处
山区排水管网工程五期,UC20250034,住房建设集团,市城市管理局,18905.57,996.1,2024-09-14,中央预算内投资,彭志明,工程建设处
南城区停车场建设一期,UC20250147,基础设施建设公司,市规划和自然资源局,12450.51,625.84,2023-10-20,中央预算内投资,王志远,审计监察处
西城区商业综合体建设一期,UC20250037,环保建设投资公司,市交通运输局,502.58,104.68,2023-11-27,中央综合财力,林志强,综合管理处
经济技术开发区排水管网工程五期,UC20250117,公共设施建设集团,市城市管理局,1330.59,631.66,2024-08-28,一般债券,张建华,投资建设处
开发区排水管网工程三期,UC20250059,园林绿化建设集团,市规划和自然资源局,10416.65,1663.34,2024-05-14,专项债券,王志远,投资建设处
高新区道路建设工程一期,UC20250044,水务建设集团公司,市交通运输局,4605.77,651.84,2023-04-12,省级补助,黄志明,招投标管理处
山区桥梁建设工程二期,UC20250043,城市投资建设集团,市卫生健康委员会,3687.82,216.2,2025-02-16,中央预算内投资,徐文军,质量安全处
东城区地铁建设工程五期,UC20250056,医疗建设发展公司,市生态环境局,8423.38,1922.73,2023-03-28,一般债券,曹建军,项目管理处
滨海新区供水管网工程一期,UC20250083,交通建设发展集团,市生态环境局,18496.91,2883.55,2023-09-03,专项债券,黄志明,工程建设处
北城区图书馆建设三期,UC20250158,住房建设集团,市水利局,19834.33,6710.94,2025-01-04,中央补助,周建军,项目管理处
工业园区医院建设工程三期,UC20250103,城市投资建设集团,市发展和改革委员会,18777.54,6494.52,2024-11-08,省级补助,周建军,规划设计处
经济技术开发区文化中心建设二期,UC20250052,住房建设集团,市交通运输局,3674.35,651.28,2024-05-08,专项债券,赵文博,计划财务处
北城区博物馆建设一期,UC20250092,环保建设投资公司,市城市管理局,14721.72,3444.32,2023-10-14,一般债券,孙海涛,审计监察处
经济技术开发区隧道建设工程四期,UC20250100,教育建设投资公司,市发展和改革委员会,5101.01,350.42,2023-06-03,专项债券,徐文军,项目管理处
南城区商业综合体建设三期,UC20250036,水务建设集团公司,市园林绿化局,15515.9,3999.0,2024-02-17,中央预算内投资,林志强,资金管理处
开发区公园绿化工程五期,UC20250039,住房建设集团,市规划和自然资源局,11375.17,2153.47,2023-10-11,中央预算内投资,高建国,资金管理处
生态城区博物馆建设四期,UC20250053,基础设施建设公司,市城市管理局,6660.62,2862.7,2025-01-23,专项债券,孙海涛,项目管理处
山区排水管网工程五期,UC20250069,园林绿化建设集团,市卫生健康委员会,15997.2,2165.42,2025-01-20,中央预算内投资,马建设,工程建设处
科技园区文化中心建设一期,UC20250022,园林绿化建设集团,市城市管理局,17899.28,7553.83,2024-02-06,中央补助,陈志刚,计划财务处
北城区文化中心建设一期,UC20250175,医疗建设发展公司,市教育局,13900.46,4922.69,2023-11-22,中央预算内投资,赵文博,审计监察处
高新区供水管网工程五期,UC20250171,基础设施建设公司,市规划和自然资源局,12604.46,732.58,2024-01-02,一般债券,梁文博,综合管理处
南城区公交站台建设四期,UC20250046,环保建设投资公司,市文化和旅游局,5870.42,1607.08,2024-11-20,专项债券,杨文华,审计监察处
科技园区隧道建设工程四期,UC20250167,公共设施建设集团,市文化和旅游局,3628.24,382.24,2025-03-05,中央综合财力,钱国强,招投标管理处
东城区地铁建设工程五期,UC20250056,医疗建设发展公司,市生态环境局,8423.38,3816.54,2023-05-07,中央预算内投资,周建军,质量安全处
新区污水处理厂建设三期,UC20250160,环保建设投资公司,市城市管理局,19573.5,5289.28,2024-10-30,中央综合财力,林志强,投资建设处
生态城区广场建设工程三期,UC20250193,园林绿化建设集团,市园林绿化局,5187.63,868.11,2023-09-26,中央补助,何志远,质量安全处
生态城区桥梁建设工程二期,UC20250095,医疗建设发展公司,市教育局,6305.58,355.68,2023-11-03,一般债券,钱国强,投资建设处
新区排水管网工程四期,UC20250168,医疗建设发展公司,市发展和改革委员会,4403.09,1103.25,2025-01-01,中央综合财力,郭建华,计划财务处
工业园区供水管网工程一期,UC20250029,基础设施建设公司,市城市管理局,13026.24,3770.52,2024-03-01,省级补助,郭建华,招投标管理处
东城区地铁建设工程五期,UC20250056,医疗建设发展公司,市生态环境局,8423.38,1332.22,2023-01-23,专项债券,高建国,综合管理处
科技园区公园绿化工程四期,UC20250075,住房建设集团,市城市管理局,10804.52,1410.69,2024-01-14,土地出让金,钱国强,计划财务处
东城区排水管网工程三期,UC20250020,水务建设集团公司,市发展和改革委员会,6587.12,1166.59,2023-08-03,专项债券,曹建军,规划设计处
南城区学校建设工程一期,UC20250111,交通建设发展集团,市规划和自然资源局,14688.91,5828.7,2023-12-14,中央综合财力,王志远,质量安全处
工业园区供水管网工程四期,UC20250178,水务建设集团公司,市体育局,8559.13,3127.81,2023-07-08,土地出让金,王志远,招投标管理处
科技园区桥梁建设工程一期,UC20250032,交通建设发展集团,市体育局,1904.37,116.17,2024-01-12,土地出让金,赵文博,计划财务处
经济技术开发区商业综合体建设二期,UC20250155,环保建设投资公司,市水利局,11052.38,1688.61,2024-04-04,专项债券,赵文博,综合管理处
新区医院建设工程三期,UC20250023,医疗建设发展公司,市体育局,14833.68,5237.64,2024-05-01,土地出让金,吴德华,资金管理处
科技园区隧道建设工程三期,UC20250038,园林绿化建设集团,市生态环境局,18476.73,4754.75,2024-09-25,中央补助,林志强,投资建设处
开发区图书馆建设三期,UC20250125,教育建设投资公司,市园林绿化局,2870.19,1063.26,2024-05-14,中央补助,曹建军,计划财务处
滨海新区文化中心建设五期,UC20250133,公共设施建设集团,市交通运输局,10244.62,4179.38,2023-11-06,土地出让金,林志强,质量安全处
经济技术开发区道路建设工程二期,UC20250098,交通建设发展集团,市园林绿化局,18768.27,5969.71,2023-12-24,土地出让金,孙海涛,项目管理处
经济技术开发区隧道建设工程四期,UC20250100,教育建设投资公司,市发展和改革委员会,5101.01,269.52,2023-03-18,专项债券,邓文华,审计监察处
开发区体育中心建设一期,UC20250108,园林绿化建设集团,市城市管理局,1473.65,320.39,2024-07-07,中央补助,黄志明,规划设计处
工业园区文化中心建设五期,UC20250062,市政建设集团有限公司,市卫生健康委员会,4909.01,1103.71,2024-02-02,中央综合财力,杨文华,计划财务处
南城区学校建设工程五期,UC20250057,教育建设投资公司,市卫生健康委员会,12854.33,4659.27,2024-01-03,一般债券,马建设,项目管理处
生态城区道路建设工程四期,UC20250080,文化建设集团,市生态环境局,3140.76,1138.63,2023-08-10,中央预算内投资,钱国强,质量安全处
经济技术开发区博物馆建设二期,UC20250194,文化建设集团,市体育局,10431.5,4807.37,2023-08-16,中央综合财力,朱建平,质量安全处
西城区图书馆建设四期,UC20250060,市政建设集团有限公司,市水利局,9782.2,3089.18,2023-09-01,土地出让金,周建军,综合管理处
开发区医院建设工程四期,UC20250028,交通建设发展集团,市卫生健康委员会,1513.85,231.23,2024-09-21,中央综合财力,韩志刚,计划财务处
工业园区图书馆建设四期,UC20250035,文化建设集团,市水利局,19566.13,4059.62,2025-01-07,专项债券,刘建国,审计监察处
开发区医院建设工程四期,UC20250028,交通建设发展集团,市卫生健康委员会,1513.85,139.69,2024-11-27,中央补助,梁文博,招投标管理处
生态城区学校建设工程三期,UC20250009,园林绿化建设集团,市规划和自然资源局,12468.79,3707.43,2024-10-04,中央预算内投资,吴德华,计划财务处
北城区住宅小区建设四期,UC20250073,公共设施建设集团,市规划和自然资源局,15447.51,1609.91,2023-05-15,中央综合财力,朱建平,工程建设处
生态城区公交站台建设一期,UC20250156,城市投资建设集团,市卫生健康委员会,19120.9,5988.03,2025-05-10,中央预算内投资,彭志明,工程建设处
山区住宅小区建设二期,UC20250048,教育建设投资公司,市园林绿化局,16282.43,1491.78,2024-12-17,中央综合财力,周建军,质量安全处
科技园区图书馆建设二期,UC20250143,公共设施建设集团,市文化和旅游局,2076.68,790.59,2024-09-05,中央综合财力,陈志刚,招投标管理处
经济技术开发区商业综合体建设一期,UC20250055,水务建设集团公司,市体育局,11577.32,1403.88,2024-11-12,中央预算内投资,韩志刚,计划财务处
科技园区商业综合体建设五期,UC20250197,园林绿化建设集团,市规划和自然资源局,6405.51,2158.34,2024-06-17,专项债券,刘建国,质量安全处
科技园区桥梁建设工程一期,UC20250032,交通建设发展集团,市体育局,1904.37,842.56,2024-06-28,省级补助,赵文博,投资建设处
开发区商业综合体建设二期,UC20250061,医疗建设发展公司,市体育局,11827.18,4710.43,2024-10-09,中央综合财力,韩志刚,投资建设处
新区文化中心建设三期,UC20250099,教育建设投资公司,市生态环境局,10879.91,2911.84,2023-08-18,中央综合财力,朱建平,项目管理处
开发区文化中心建设五期,UC20250187,环保建设投资公司,市教育局,14932.63,4338.44,2024-09-02,中央预算内投资,徐文军,资金管理处
开发区公交站台建设五期,UC20250123,医疗建设发展公司,市水利局,12350.63,4854.48,2024-06-05,中央补助,吴德华,综合管理处
滨海新区污水处理厂建设五期,UC20250086,文化建设集团,市卫生健康委员会,12672.36,4501.76,2024-03-31,中央补助,曹建军,计划财务处
西城区垃圾处理中心建设四期,UC20250132,园林绿化建设集团,市卫生健康委员会,1685.52,247.02,2023-12-26,一般债券,李明强,招投标管理处
滨海新区商业综合体建设五期,UC20250126,住房建设集团,市规划和自然资源局,15856.66,3109.54,2024-02-10,中央综合财力,马建设,综合管理处
滨海新区污水处理厂建设五期,UC20250086,文化建设集团,市卫生健康委员会,12672.36,4131.99,2024-10-24,专项债券,李明强,投资建设处
高新区道路建设工程一期,UC20250044,水务建设集团公司,市交通运输局,4605.77,2289.85,2023-05-16,省级补助,邓文华,投资建设处
开发区公园绿化工程五期,UC20250039,住房建设集团,市规划和自然资源局,11375.17,2564.65,2024-04-05,专项债券,韩志刚,规划设计处
滨海新区排水管网工程一期,UC20250139,城市投资建设集团,市文化和旅游局,1824.32,207.35,2023-12-02,中央预算内投资,黄志明,质量安全处
东城区商业综合体建设三期,UC20250050,环保建设投资公司,市卫生健康委员会,16191.13,5577.14,2023-12-06,省级补助,张建华,审计监察处
滨海新区商业综合体建设三期,UC20250140,住房建设集团,市生态环境局,15413.4,3351.28,2023-06-20,一般债券,孙海涛,质量安全处
高新区住宅小区建设二期,UC20250166,文化建设集团,市水利局,10495.86,4279.55,2024-09-15,中央预算内投资,孙海涛,审计监察处
开发区医院建设工程四期,UC20250028,交通建设发展集团,市卫生健康委员会,1513.85,208.18,2024-04-07,中央预算内投资,邓文华,规划设计处
高新区商业综合体建设一期,UC20250195,教育建设投资公司,市发展和改革委员会,7066.19,3043.04,2024-12-24,中央补助,赵文博,质量安全处
科技园区地铁建设工程四期,UC20250078,公共设施建设集团,市城市管理局,13320.36,1278.51,2023-11-14,专项债券,黄志明,规划设计处
新区博物馆建设三期,UC20250017,市政建设集团有限公司,市体育局,14150.93,1207.54,2024-07-08,中央预算内投资,韩志刚,项目管理处
工业园区桥梁建设工程二期,UC20250157,水务建设集团公司,市发展和改革委员会,4636.74,481.67,2024-10-15,土地出让金,邓文华,规划设计处
新区排水管网工程五期,UC20250136,基础设施建设公司,市规划和自然资源局,2318.74,1073.74,2023-11-22,省级补助,钱国强,审计监察处
新区商业综合体建设二期,UC20250128,水务建设集团公司,市规划和自然资源局,18647.72,7210.0,2024-02-28,中央补助,韩志刚,质量安全处
新区停车场建设三期,UC20250199,园林绿化建设集团,市园林绿化局,12077.06,5210.25,2023-07-12,省级补助,黄志明,工程建设处
科技园区住宅小区建设三期,UC20250047,水务建设集团公司,市教育局,10085.51,1588.04,2024-05-23,中央补助,韩志刚,投资建设处
开发区排水管网工程五期,UC20250115,住房建设集团,市生态环境局,4923.67,411.72,2024-04-02,中央综合财力,李明强,资金管理处
科技园区隧道建设工程四期,UC20250167,公共设施建设集团,市文化和旅游局,3628.24,1738.27,2024-04-08,中央预算内投资,高建国,项目管理处
新区污水处理厂建设三期,UC20250160,环保建设投资公司,市城市管理局,19573.5,3216.26,2024-05-29,中央综合财力,徐文军,审计监察处
新区医院建设工程四期,UC20250184,教育建设投资公司,市园林绿化局,17649.2,1061.37,2023-04-08,省级补助,陈志刚,项目管理处
东城区地铁建设工程五期,UC20250056,医疗建设发展公司,市生态环境局,8423.38,4034.71,2023-02-11,中央综合财力,林志强,投资建设处
生态城区住宅小区建设二期,UC20250188,文化建设集团,市体育局,18733.19,7659.19,2023-09-12,中央预算内投资,邓文华,投资建设处
科技园区道路建设工程一期,UC20250065,医疗建设发展公司,市规划和自然资源局,1011.49,86.53,2024-08-14,中央预算内投资,何志远,计划财务处
高新区垃圾处理中心建设二期,UC20250097,公共设施建设集团,市交通运输局,15839.46,1977.52,2024-07-02,土地出让金,李明强,资金管理处
开发区医院建设工程四期,UC20250028,交通建设发展集团,市卫生健康委员会,1513.85,638.74,2024-01-16,省级补助,刘建国,计划财务处
新区医院建设工程四期,UC20250184,教育建设投资公司,市园林绿化局,17649.2,2947.44,2023-04-24,中央综合财力,高建国,招投标管理处
新区医院建设工程三期,UC20250023,医疗建设发展公司,市体育局,14833.68,2185.07,2024-03-11,土地出让金,高建国,审计监察处
滨海新区隧道建设工程一期,UC20250021,基础设施建设公司,市规划和自然资源局,1493.28,521.91,2024-07-25,中央预算内投资,林志强,质量安全处
开发区公园绿化工程三期,UC20250107,市政建设集团有限公司,市发展和改革委员会,7231.64,2040.7,2023-11-02,中央补助,黄志明,投资建设处
西城区图书馆建设四期,UC20250060,市政建设集团有限公司,市水利局,9782.2,3740.08,2023-05-27,中央预算内投资,高建国,招投标管理处
开发区医院建设工程四期,UC20250028,交通建设发展集团,市卫生健康委员会,1513.85,613.1,2025-01-01,中央补助,高建国,审计监察处
工业园区文化中心建设五期,UC20250062,市政建设集团有限公司,市卫生健康委员会,4909.01,760.37,2024-03-08,中央综合财力,郭建华,综合管理处
东城区商业综合体建设三期,UC20250050,环保建设投资公司,市卫生健康委员会,16191.13,7494.29,2024-01-22,专项债券,周建军,招投标管理处
北城区文化中心建设一期,UC20250175,医疗建设发展公司,市教育局,13900.46,4248.55,2023-06-22,中央补助,王志远,项目管理处
开发区广场建设工程五期,UC20250064,医疗建设发展公司,市规划和自然资源局,8411.23,1424.46,2024-11-14,中央综合财力,吴德华,投资建设处
北城区文化中心建设一期,UC20250175,医疗建设发展公司,市教育局,13900.46,1955.65,2023-04-26,中央补助,李明强,审计监察处
开发区排水管网工程五期,UC20250115,住房建设集团,市生态环境局,4923.67,1834.72,2024-02-15,省级补助,刘建国,计划财务处
西城区图书馆建设二期,UC20250070,公共设施建设集团,市发展和改革委员会,4527.63,2249.71,2023-07-06,一般债券,杨文华,项目管理处
经济技术开发区排水管网工程五期,UC20250117,公共设施建设集团,市城市管理局,1330.59,284.14,2025-01-09,专项债券,曹建军,工程建设处
生态城区学校建设工程三期,UC20250134,文化建设集团,市文化和旅游局,17959.8,5014.48,2025-05-18,省级补助,陈志刚,工程建设处
高新区住宅小区建设四期,UC20250177,住房建设集团,市规划和自然资源局,6523.64,2167.66,2024-03-28,中央综合财力,周建军,质量安全处
新区排水管网工程一期,UC20250122,基础设施建设公司,市城市管理局,1645.86,365.68,2024-05-25,专项债券,周建军,项目管理处
开发区排水管网工程五期,UC20250115,住房建设集团,市生态环境局,4923.67,1443.36,2024-01-10,中央补助,张建华,项目管理处
南城区停车场建设二期,UC20250101,教育建设投资公司,市规划和自然资源局,6826.43,815.81,2024-06-25,一般债券,何志远,工程建设处
新区桥梁建设工程三期,UC20250138,教育建设投资公司,市城市管理局,16224.31,2627.44,2024-01-06,一般债券,曹建军,资金管理处
高新区停车场建设三期,UC20250026,环保建设投资公司,市城市管理局,19806.41,3956.81,2024-09-28,中央补助,吴德华,资金管理处
山区停车场建设四期,UC20250049,住房建设集团,市交通运输局,19817.92,8951.19,2023-04-22,一般债券,吴德华,审计监察处
中心区污水处理厂建设五期,UC20250063,教育建设投资公司,市城市管理局,10237.66,2637.65,2023-12-21,省级补助,曹建军,资金管理处
开发区广场建设工程三期,UC20250051,环保建设投资公司,市规划和自然资源局,15130.96,4792.4,2024-10-11,中央预算内投资,何志远,资金管理处
新区停车场建设三期,UC20250199,园林绿化建设集团,市园林绿化局,12077.06,5618.31,2023-05-27,中央综合财力,李明强,工程建设处
工业园区地铁建设工程四期,UC20250058,交通建设发展集团,市文化和旅游局,9412.2,1002.19,2024-09-26,一般债券,马建设,质量安全处
生态城区广场建设工程五期,UC20250149,住房建设集团,市体育局,5797.62,1719.84,2023-07-15,一般债券,朱建平,资金管理处
滨海新区商业综合体建设三期,UC20250140,住房建设集团,市生态环境局,15413.4,2617.61,2024-01-13,专项债券,何志远,质量安全处
北城区供水管网工程五期,UC20250141,公共设施建设集团,市城市管理局,1740.98,868.81,2023-02-25,专项债券,周建军,项目管理处
开发区公园绿化工程三期,UC20250107,市政建设集团有限公司,市发展和改革委员会,7231.64,3294.69,2023-11-25,土地出让金,马建设,综合管理处
开发区排水管网工程三期,UC20250059,园林绿化建设集团,市规划和自然资源局,10416.65,2597.34,2023-08-07,中央综合财力,何志远,资金管理处
科技园区商业综合体建设四期,UC20250067,基础设施建设公司,市交通运输局,3362.63,1350.81,2024-07-12,专项债券,韩志刚,审计监察处
新区广场建设工程二期,UC20250186,园林绿化建设集团,市卫生健康委员会,11009.55,2352.55,2023-10-27,土地出让金,周建军,规划设计处
山区排水管网工程五期,UC20250034,住房建设集团,市城市管理局,18905.57,5381.49,2024-01-23,中央综合财力,徐文军,投资建设处
东城区供水管网工程五期,UC20250131,市政建设集团有限公司,市交通运输局,1223.31,567.68,2023-06-28,土地出让金,赵文博,项目管理处
生态城区道路建设工程四期,UC20250080,文化建设集团,市生态环境局,3140.76,1028.47,2024-04-26,土地出让金,赵文博,招投标管理处
山区住宅小区建设一期,UC20250010,公共设施建设集团,市教育局,15899.97,5550.46,2023-11-27,专项债券,孙海涛,项目管理处
工业园区桥梁建设工程二期,UC20250157,水务建设集团公司,市发展和改革委员会,4636.74,2298.12,2024-12-24,中央预算内投资,郭建华,投资建设处
科技园区隧道建设工程三期,UC20250038,园林绿化建设集团,市生态环境局,18476.73,8610.33,2024-10-19,中央综合财力,郭建华,计划财务处
南城区商业综合体建设三期,UC20250036,水务建设集团公司,市园林绿化局,15515.9,5020.13,2024-06-11,专项债券,徐文军,资金管理处
开发区文化中心建设五期,UC20250187,环保建设投资公司,市教育局,14932.63,5084.14,2023-12-15,省级补助,何志远,工程建设处
开发区排水管网工程五期,UC20250115,住房建设集团,市生态环境局,4923.67,1868.86,2024-07-03,中央综合财力,邓文华,质量安全处
工业园区桥梁建设工程二期,UC20250157,水务建设集团公司,市发展和改革委员会,4636.74,474.48,2025-01-03,土地出让金,杨文华,投资建设处
北城区图书馆建设三期,UC20250183,交通建设发展集团,市城市管理局,7181.68,1210.99,2024-08-03,中央综合财力,陈志刚,规划设计处
西城区图书馆建设二期,UC20250102,环保建设投资公司,市规划和自然资源局,4169.97,933.51,2023-11-01,中央补助,钱国强,投资建设处
东城区隧道建设工程五期,UC20250006,基础设施建设公司,市交通运输局,12966.97,4799.37,2024-03-09,中央综合财力,孙海涛,项目管理处
山区住宅小区建设二期,UC20250048,教育建设投资公司,市园林绿化局,16282.43,7473.96,2024-02-12,中央补助,钱国强,计划财务处
科技园区图书馆建设二期,UC20250143,公共设施建设集团,市文化和旅游局,2076.68,1037.59,2024-10-03,土地出让金,林志强,招投标管理处
东城区广场建设工程二期,UC20250013,水务建设集团公司,市文化和旅游局,7687.92,1766.22,2023-11-05,一般债券,高建国,投资建设处
东城区广场建设工程二期,UC20250013,水务建设集团公司,市文化和旅游局,7687.92,2234.87,2024-05-01,中央补助,吴德华,招投标管理处
滨海新区排水管网工程一期,UC20250139,城市投资建设集团,市文化和旅游局,1824.32,524.01,2024-02-26,专项债券,郭建华,计划财务处
新区停车场建设五期,UC20250084,基础设施建设公司,市规划和自然资源局,12808.92,1399.82,2023-05-09,土地出让金,朱建平,工程建设处
新区住宅小区建设三期,UC20250113,文化建设集团,市规划和自然资源局,18586.78,8871.14,2024-07-21,中央综合财力,高建国,招投标管理处
滨海新区供水管网工程一期,UC20250083,交通建设发展集团,市生态环境局,18496.91,8800.61,2023-05-27,一般债券,刘建国,审计监察处
东城区供水管网工程五期,UC20250071,住房建设集团,市交通运输局,2449.48,379.72,2024-01-11,中央预算内投资,梁文博,招投标管理处
南城区公交站台建设四期,UC20250046,环保建设投资公司,市文化和旅游局,5870.42,2187.79,2024-10-08,土地出让金,钱国强,审计监察处
科技园区公园绿化工程一期,UC20250148,文化建设集团,市生态环境局,4114.42,1079.24,2023-10-20,专项债券,赵文博,投资建设处
经济技术开发区医院建设工程一期,UC20250182,文化建设集团,市教育局,3520.3,1474.51,2023-09-29,中央综合财力,高建国,审计监察处
北城区停车场建设五期,UC20250189,医疗建设发展公司,市城市管理局,6341.98,1036.03,2024-07-11,中央综合财力,吴德华,项目管理处
经济技术开发区排水管网工程五期,UC20250117,公共设施建设集团,市城市管理局,1330.59,411.99,2024-06-10,中央综合财力,韩志刚,质量安全处
开发区学校建设工程四期,UC20250118,水务建设集团公司,市体育局,8515.16,1308.31,2023-11-22,省级补助,孙海涛,投资建设处
科技园区商业综合体建设五期,UC20250197,园林绿化建设集团,市规划和自然资源局,6405.51,584.85,2024-09-09,专项债券,韩志刚,审计监察处
经济技术开发区博物馆建设四期,UC20250121,交通建设发展集团,市住房和城乡建设局,17087.64,6440.41,2023-02-19,土地出让金,张建华,项目管理处
科技园区公园绿化工程四期,UC20250075,住房建设集团,市城市管理局,10804.52,1225.33,2024-10-10,中央补助,杨文华,投资建设处
经济技术开发区商业综合体建设一期,UC20250055,水务建设集团公司,市体育局,11577.32,5615.74,2025-01-26,土地出让金,张建华,质量安全处
开发区商业综合体建设三期,UC20250200,市政建设集团有限公司,市规划和自然资源局,13011.48,5400.62,2024-08-19,中央预算内投资,朱建平,招投标管理处
东城区广场建设工程二期,UC20250013,水务建设集团公司,市文化和旅游局,7687.92,3534.55,2023-09-07,专项债券,黄志明,综合管理处
南城区停车场建设一期,UC20250147,基础设施建设公司,市规划和自然资源局,12450.51,5601.18,2024-03-20,中央预算内投资,赵文博,规划设计处
新区桥梁建设工程四期,UC20250066,环保建设投资公司,市生态环境局,9379.49,2139.98,2024-06-21,土地出让金,彭志明,招投标管理处
开发区文化中心建设五期,UC20250187,环保建设投资公司,市教育局,14932.63,2272.24,2024-07-21,专项债券,曹建军,计划财务处
生态城区体育中心建设一期,UC20250007,基础设施建设公司,市教育局,5263.45,1974.48,2024-06-21,中央预算内投资,韩志刚,投资建设处
新区住宅小区建设二期,UC20250112,医疗建设发展公司,市文化和旅游局,4157.74,1140.39,2023-06-26,专项债券,邓文华,项目管理处
科技园区桥梁建设工程一期,UC20250072,公共设施建设集团,市生态环境局,3031.25,1082.84,2023-05-23,土地出让金,郭建华,审计监察处
山区供水管网工程四期,UC20250104,环保建设投资公司,市住房和城乡建设局,13797.14,2313.55,2024-09-25,专项债券,张建华,综合管理处
经济技术开发区医院建设工程一期,UC20250182,文化建设集团,市教育局,3520.3,1646.53,2023-08-03,专项债券,朱建平,工程建设处
开发区广场建设工程三期,UC20250051,环保建设投资公司,市规划和自然资源局,15130.96,5282.99,2024-02-03,中央预算内投资,高建国,规划设计处
生态城区桥梁建设工程二期,UC20250095,医疗建设发展公司,市教育局,6305.58,2274.19,2023-12-29,中央补助,刘建国,招投标管理处
西城区图书馆建设四期,UC20250060,市政建设集团有限公司,市水利局,9782.2,1773.82,2023-02-28,中央预算内投资,何志远,审计监察处
山区供水管网工程四期,UC20250104,环保建设投资公司,市住房和城乡建设局,13797.14,6397.93,2024-02-05,省级补助,邓文华,资金管理处
科技园区商业综合体建设二期,UC20250150,环保建设投资公司,市水利局,11194.94,2546.33,2023-10-29,专项债券,王志远,计划财务处
滨海新区图书馆建设三期,UC20250159,基础设施建设公司,市生态环境局,15176.03,4788.63,2023-12-16,土地出让金,彭志明,资金管理处
科技园区供水管网工程一期,UC20250170,交通建设发展集团,市生态环境局,13000.65,3111.18,2024-05-27,土地出让金,梁文博,投资建设处
新区排水管网工程一期,UC20250122,基础设施建设公司,市城市管理局,1645.86,571.29,2024-07-04,一般债券,邓文华,质量安全处
工业园区道路建设工程一期,UC20250164,文化建设集团,市园林绿化局,15239.68,7498.9,2024-03-02,专项债券,林志强,计划财务处
生态城区医院建设工程一期,UC20250012,公共设施建设集团,市体育局,12670.16,5799.12,2024-04-23,土地出让金,林志强,投资建设处
经济技术开发区桥梁建设工程四期,UC20250024,交通建设发展集团,市体育局,19706.26,8309.09,2024-09-28,中央综合财力,何志远,投资建设处
山区停车场建设四期,UC20250049,住房建设集团,市交通运输局,19817.92,6274.94,2023-12-11,中央预算内投资,赵文博,质量安全处
科技园区隧道建设工程四期,UC20250167,公共设施建设集团,市文化和旅游局,3628.24,1683.87,2025-01-09,省级补助,韩志刚,工程建设处
西城区停车场建设五期,UC20250192,基础设施建设公司,市体育局,6013.08,1436.01,2024-06-12,中央预算内投资,邓文华,质量安全处
生态城区广场建设工程三期,UC20250193,园林绿化建设集团,市园林绿化局,5187.63,1850.63,2024-05-24,专项债券,朱建平,规划设计处
新区住宅小区建设三期,UC20250113,文化建设集团,市规划和自然资源局,18586.78,1579.18,2024-03-10,中央综合财力,徐文军,审计监察处
高新区桥梁建设工程四期,UC20250161,住房建设集团,市卫生健康委员会,3537.44,1177.41,2024-08-13,省级补助,王志远,投资建设处
高新区桥梁建设工程四期,UC20250161,住房建设集团,市卫生健康委员会,3537.44,591.06,2024-08-21,中央综合财力,钱国强,投资建设处
新区排水管网工程四期,UC20250168,医疗建设发展公司,市发展和改革委员会,4403.09,1356.78,2025-01-07,中央综合财力,高建国,质量安全处
东城区排水管网工程三期,UC20250179,文化建设集团,市交通运输局,18545.15,5472.98,2023-11-12,中央补助,张建华,规划设计处
经济技术开发区文化中心建设二期,UC20250052,住房建设集团,市交通运输局,3674.35,909.7,2024-06-16,专项债券,吴德华,质量安全处
东城区垃圾处理中心建设二期,UC20250176,公共设施建设集团,市生态环境局,16258.53,7029.38,2024-05-30,土地出让金,吴德华,审计监察处
滨海新区隧道建设工程一期,UC20250021,基础设施建设公司,市规划和自然资源局,1493.28,442.25,2024-08-16,省级补助,赵文博,资金管理处
滨海新区住宅小区建设二期,UC20250002,文化建设集团,市发展和改革委员会,15577.7,6123.86,2024-11-17,省级补助,林志强,规划设计处
开发区学校建设工程四期,UC20250118,水务建设集团公司,市体育局,8515.16,1846.39,2023-10-13,中央预算内投资,林志强,规划设计处
工业园区文化中心建设一期,UC20250096,园林绿化建设集团,市规划和自然资源局,19627.56,3199.16,2023-09-22,中央预算内投资,何志远,工程建设处
南城区公交站台建设四期,UC20250046,环保建设投资公司,市文化和旅游局,5870.42,1567.44,2024-06-12,省级补助,杨文华,质量安全处
东城区文化中心建设三期,UC20250163,园林绿化建设集团,市水利局,18260.6,2877.69,2023-07-03,中央补助,朱建平,规划设计处
西城区商业综合体建设一期,UC20250037,环保建设投资公司,市交通运输局,502.58,238.34,2023-12-20,专项债券,杨文华,项目管理处
新区广场建设工程五期,UC20250094,住房建设集团,市规划和自然资源局,9339.82,3412.68,2024-11-09,中央预算内投资,马建设,综合管理处
经济技术开发区停车场建设一期,UC20250172,基础设施建设公司,市住房和城乡建设局,10388.38,4354.69,2024-04-09,土地出让金,梁文博,投资建设处
南城区医院建设工程五期,UC20250001,文化建设集团,市城市管理局,13153.33,2361.73,2023-06-17,专项债券,邓文华,综合管理处
山区污水处理厂建设四期,UC20250005,公共设施建设集团,市文化和旅游局,17553.7,954.32,2023-11-10,一般债券,彭志明,投资建设处
南城区商业综合体建设三期,UC20250036,水务建设集团公司,市园林绿化局,15515.9,2836.97,2024-06-19,省级补助,彭志明,资金管理处
经济技术开发区停车场建设三期,UC20250185,市政建设集团有限公司,市生态环境局,9251.02,4611.9,2024-05-05,一般债券,韩志刚,计划财务处
科技园区地铁建设工程四期,UC20250078,公共设施建设集团,市城市管理局,13320.36,4491.82,2023-10-13,中央补助,郭建华,资金管理处
经济技术开发区医院建设工程五期,UC20250142,园林绿化建设集团,市住房和城乡建设局,2574.42,1244.97,2024-05-03,中央补助,朱建平,质量安全处
高新区住宅小区建设二期,UC20250166,文化建设集团,市水利局,10495.86,1440.1,2024-05-21,省级补助,何志远,招投标管理处
滨海新区医院建设工程五期,UC20250011,基础设施建设公司,市发展和改革委员会,15502.96,6454.21,2025-04-22,中央补助,黄志明,审计监察处
东城区排水管网工程三期,UC20250020,水务建设集团公司,市发展和改革委员会,6587.12,396.97,2024-02-19,中央补助,林志强,项目管理处
生态城区住宅小区建设二期,UC20250188,文化建设集团,市体育局,18733.19,7614.44,2024-01-19,中央补助,张建华,招投标管理处
南城区公交站台建设四期,UC20250046,环保建设投资公司,市文化和旅游局,5870.42,2688.11,2024-10-07,一般债券,高建国,工程建设处
新区商业综合体建设二期,UC20250181,交通建设发展集团,市规划和自然资源局,5276.28,2416.25,2024-04-05,土地出让金,邓文华,综合管理处
生态城区公交站台建设三期,UC20250120,城市投资建设集团,市生态环境局,641.27,199.58,2024-03-06,一般债券,朱建平,计划财务处
工业园区文化中心建设一期,UC20250096,园林绿化建设集团,市规划和自然资源局,19627.56,9712.65,2024-04-14,专项债券,刘建国,资金管理处
山区停车场建设四期,UC20250049,住房建设集团,市交通运输局,19817.92,8425.36,2023-02-14,专项债券,王志远,规划设计处
南城区供水管网工程四期,UC20250027,城市投资建设集团,市规划和自然资源局,15862.12,3971.96,2024-12-18,土地出让金,邓文华,质量安全处
经济技术开发区隧道建设工程四期,UC20250100,教育建设投资公司,市发展和改革委员会,5101.01,2193.38,2024-01-26,一般债券,孙海涛,审计监察处
西城区停车场建设五期,UC20250192,基础设施建设公司,市体育局,6013.08,1735.73,2024-04-27,一般债券,李明强,招投标管理处
科技园区桥梁建设工程一期,UC20250032,交通建设发展集团,市体育局,1904.37,476.14,2024-07-19,中央综合财力,黄志明,质量安全处
山区住宅小区建设二期,UC20250048,教育建设投资公司,市园林绿化局,16282.43,7992.83,2024-10-02,中央预算内投资,马建设,综合管理处
高新区住宅小区建设三期,UC20250146,城市投资建设集团,市生态环境局,3426.51,902.78,2025-04-23,一般债券,朱建平,综合管理处
西城区隧道建设工程二期,UC20250085,环保建设投资公司,市水利局,16589.72,2698.59,2024-05-07,中央补助,曹建军,资金管理处
工业园区供水管网工程四期,UC20250178,水务建设集团公司,市体育局,8559.13,2370.99,2023-03-22,中央补助,彭志明,招投标管理处
开发区公园绿化工程三期,UC20250107,市政建设集团有限公司,市发展和改革委员会,7231.64,3514.72,2023-11-09,中央综合财力,赵文博,投资建设处
西城区图书馆建设二期,UC20250070,公共设施建设集团,市发展和改革委员会,4527.63,1517.04,2024-01-31,省级补助,吴德华,规划设计处
北城区文化中心建设一期,UC20250175,医疗建设发展公司,市教育局,13900.46,5834.31,2024-02-16,中央预算内投资,吴德华,项目管理处
北城区图书馆建设三期,UC20250183,交通建设发展集团,市城市管理局,7181.68,2394.1,2024-06-03,中央补助,马建设,项目管理处
高新区隧道建设工程三期,UC20250135,教育建设投资公司,市城市管理局,7656.32,1686.53,2023-06-01,土地出让金,吴德华,质量安全处
