项目编码,项目名称,优先级,关键特征,战略重要性
UC20250013,东城区广场建设工程二期,3,智慧城市建设,推动生态文明建设
UC20250007,生态城区体育中心建设一期,2,文化教育项目,推进新型城镇化建设
UC20250080,生态城区道路建设工程四期,2,基础设施建设,推动生态文明建设
UC20250118,开发区学校建设工程四期,1,文化教育项目,支撑产业转型升级
UC20250195,高新区商业综合体建设一期,1,重大民生工程,提升城市综合承载能力
UC20250154,西城区桥梁建设工程一期,1,医疗卫生项目,推进新型城镇化建设
UC20250072,科技园区桥梁建设工程一期,2,绿色低碳项目,改善民生福祉
UC20250159,滨海新区图书馆建设三期,2,重大民生工程,完善基础设施体系
UC20250188,生态城区住宅小区建设二期,2,交通枢纽工程,提高公共服务水平
UC20250147,南城区停车场建设一期,1,重大民生工程,增强城市竞争力
UC20250004,南城区排水管网工程四期,2,基础设施建设,完善基础设施体系
UC20250140,滨海新区商业综合体建设三期,1,重大民生工程,促进经济高质量发展
UC20250022,科技园区文化中心建设一期,1,产业发展项目,支撑产业转型升级
UC20250107,开发区公园绿化工程三期,1,医疗卫生项目,推动生态文明建设
UC20250121,经济技术开发区博物馆建设四期,2,重大民生工程,推动生态文明建设
UC20250048,山区住宅小区建设二期,3,乡村振兴项目,完善基础设施体系
UC20250174,东城区道路建设工程二期,3,生态环保项目,改善民生福祉
UC20250049,山区停车场建设四期,2,基础设施建设,推进新型城镇化建设
UC20250018,工业园区体育中心建设四期,3,智慧城市建设,提升城市综合承载能力
UC20250198,西城区停车场建设五期,2,生态环保项目,提高公共服务水平
UC20250114,科技园区博物馆建设五期,2,城市更新项目,增强城市竞争力
UC20250143,科技园区图书馆建设二期,2,科技创新项目,提高公共服务水平
UC20250071,东城区供水管网工程五期,1,基础设施建设,支撑产业转型升级
UC20250046,南城区公交站台建设四期,1,生态环保项目,改善民生福祉
UC20250112,新区住宅小区建设二期,3,智慧城市建设,增强城市竞争力
UC20250056,东城区地铁建设工程五期,3,乡村振兴项目,完善基础设施体系
UC20250193,生态城区广场建设工程三期,1,科技创新项目,支撑产业转型升级
UC20250130,生态城区停车场建设五期,1,文化教育项目,提升城市综合承载能力
UC20250167,科技园区隧道建设工程四期,1,科技创新项目,改善民生福祉
UC20250144,南城区排水管网工程四期,2,科技创新项目,促进经济高质量发展
UC20250088,东城区学校建设工程四期,1,生态环保项目,增强城市竞争力
UC20250197,科技园区商业综合体建设五期,3,生态环保项目,提升城市综合承载能力
UC20250069,山区排水管网工程五期,2,生态环保项目,支撑产业转型升级
UC20250021,滨海新区隧道建设工程一期,3,交通枢纽工程,支撑产业转型升级
UC20250192,西城区停车场建设五期,2,科技创新项目,改善民生福祉
UC20250101,南城区停车场建设二期,3,产业发展项目,增强城市竞争力
UC20250091,工业园区道路建设工程四期,3,基础设施建设,增强城市竞争力
UC20250023,新区医院建设工程三期,1,城市更新项目,改善民生福祉
UC20250063,中心区污水处理厂建设五期,3,智慧城市建设,提升城市综合承载能力
UC20250185,经济技术开发区停车场建设三期,3,智慧城市建设,推动生态文明建设
UC20250172,经济技术开发区停车场建设一期,3,生态环保项目,促进经济高质量发展
UC20250090,山区停车场建设一期,1,绿色低碳项目,促进经济高质量发展
UC20250162,开发区供水管网工程三期,2,城市更新项目,完善基础设施体系
UC20250190,东城区隧道建设工程二期,2,乡村振兴项目,提高公共服务水平
UC20250073,北城区住宅小区建设四期,2,科技创新项目,推动生态文明建设
UC20250164,工业园区道路建设工程一期,1,城市更新项目,优化城市空间布局
UC20250054,山区污水处理厂建设四期,1,城市更新项目,支撑产业转型升级
UC20250176,东城区垃圾处理中心建设二期,1,交通枢纽工程,提高公共服务水平
UC20250045,科技园区医院建设工程一期,3,文化教育项目,增强城市竞争力
UC20250156,生态城区公交站台建设一期,1,基础设施建设,推动生态文明建设
UC20250187,开发区文化中心建设五期,1,医疗卫生项目,支撑产业转型升级
UC20250136,新区排水管网工程五期,2,城市更新项目,推进新型城镇化建设
UC20250199,新区停车场建设三期,3,绿色低碳项目,促进经济高质量发展
UC20250077,山区公园绿化工程五期,3,重大民生工程,增强城市竞争力
UC20250025,高新区排水管网工程四期,2,医疗卫生项目,促进经济高质量发展
UC20250074,开发区住宅小区建设一期,3,交通枢纽工程,增强城市竞争力
UC20250033,中心区学校建设工程四期,3,基础设施建设,提升城市综合承载能力
UC20250189,北城区停车场建设五期,1,重大民生工程,促进经济高质量发展
UC20250141,北城区供水管网工程五期,2,产业发展项目,改善民生福祉
UC20250008,西城区桥梁建设工程二期,3,乡村振兴项目,推进新型城镇化建设
